company_name,location,industry,website,linkedin_slug,linkedin_url,employees_sf,slug_source
1Medical,Sydney,"Services - professional, scientific, and technical",https://www.1medical.com.au/,1-medical,https://www.linkedin.com/company/1-medical/,54.0,firmable
2 Steps,Melbourne,IT - Software,https://2steps.io/,2-steps,https://www.linkedin.com/company/2-steps/,5.0,firmable
23Strands,Sydney,"Services - professional, scientific, and technical",https://www.23strands.com/about/company,23strands,https://www.linkedin.com/company/23strands/,27.0,firmable
2IQ,New Zealand,IT - Software,https://www.2iqsolutions.com/,2iq,https://www.linkedin.com/company/2iq/,9.0,firmable
2MT Mining Products,Queensland,"Mining, oil and gas",https://www.2mtminingproducts.com/,2mt-mining-products-pty-ltd,https://www.linkedin.com/company/2mt-mining-products-pty-ltd/,,firmable
2Shakes,Wellington,IT - Software,https://www.2shakes.co.nz/,2shakesnz,https://www.linkedin.com/company/2shakesnz/,3.0,serp
360 Engineering,Sydney,"Services - professional, scientific, and technical",https://360engineering.com.au/,360engineering-au,https://www.linkedin.com/company/360engineering-au/,5.0,firmable
365mesh,Sydney,IT - Software,https://www.365mesh.com/,365mesh,https://www.linkedin.com/company/365mesh/,34.0,firmable
3Columns,Sydney,"Services - professional, scientific, and technical",https://3columns.io/,3columns,https://www.linkedin.com/company/3columns/,48.0,firmable
AABDL,Sydney,Education,https://myabdlsupplies.com.au/?srsltid=AfmBOorCTBJgTqlUD0njc3Lu0drzh6BdSXJoTI-E0papGq3xl0bdIxVT,aab-holdings-pty-limited,https://www.linkedin.com/company/aab-holdings-pty-limited/,20.0,serp
ACIM Solutions,New South Wales,Education,https://www.acimsolutions.com.au/,acim-solutions,https://www.linkedin.com/company/acim-solutions/,11.0,firmable
AEON Disability Support Services,Adelaide,Healthcare,https://aeondisabilityservices.com.au/,aeon-dss,https://www.linkedin.com/company/aeon-dss/,11.0,firmable
ALL I.T,Sydney,"Services - professional, scientific, and technical",https://allitservices.com.au/,all-it-australia,https://www.linkedin.com/company/all-it-australia/,36.0,firmable
AM Logistics,Brisbane,"Services - professional, scientific, and technical",https://amlogistics.com.au/,am-logistics-pty-ltd,https://www.linkedin.com/company/am-logistics-pty-ltd/,62.0,firmable
AML Solutions / AMLHUB,Auckland,IT - Software,https://amlsolutions.co.nz/,amlhub,https://www.linkedin.com/company/amlhub/,7.0,serp
AMLab,Perth,IT - Software,https://www.amlab.com.au/,amlab,https://www.linkedin.com/company/amlab/,17.0,firmable
AQUA Schools,Melbourne,Education,https://www.aquaschools.com.au/,aquastar-swim-schools,https://www.linkedin.com/company/aquastar-swim-schools/,24.0,serp
AT Group,Sydney,IT - Software,https://atgroup.co/,atg-group-australia,https://www.linkedin.com/company/atg-group-australia/,,serp
A_space,Melbourne,Manufacturing,https://aspace.com.au/,a_space-recreation-pty-ltd,https://www.linkedin.com/company/a_space-recreation-pty-ltd/,,firmable
AbacusBio,New Zealand,IT - Software,https://abacusbio.com/,abacusbio,https://www.linkedin.com/company/abacusbio/,23.0,firmable
Abcom,Gold Coast,IT - Software,https://www.abcom.com.au/,abcom,https://www.linkedin.com/company/abcom/,17.0,firmable
Absolute Care and Health,Melbourne,Healthcare,https://absolutecarehealth.com.au/,absolutecare-&-health,https://www.linkedin.com/company/absolutecare-&-health/,320.0,firmable
Acacia Energy,Melbourne,"Services - professional, scientific, and technical",https://www.acaciaenergy.com.au/,acacia-energy-aus,https://www.linkedin.com/company/acacia-energy-aus/,,firmable
Accent Software,New South Wales,IT - Software,https://www.accentsoftware.com/,accent-software-inc,https://www.linkedin.com/company/accent-software-inc/,10.0,firmable
Accessible Care & Lifestyle Services,Sydney,Healthcare,https://acals.com.au/,accessible-care-lifestyle-services-pty-ltd,https://www.linkedin.com/company/accessible-care-lifestyle-services-pty-ltd/,13.0,firmable
Ace Waste Pty. Ltd,Brisbane,"Services - professional, scientific, and technical",https://www.acewaste.com.au/,ace-waste-pty-ltd,https://www.linkedin.com/company/ace-waste-pty-ltd/,,firmable
Acoustic Research Labs,Sydney,"Services - professional, scientific, and technical",https://acousticresearch.com.au/,acoustic-research-labs-pty-ltd,https://www.linkedin.com/company/acoustic-research-labs-pty-ltd/,10.0,firmable
Acredia,Melbourne,IT - Software,https://acredia.au/,acredia,https://www.linkedin.com/company/acredia/,6.0,firmable
Active Fleet,Brisbane,IT - Software,https://www.activefleet.com.au/,active-fleet,https://www.linkedin.com/company/active-fleet/,0.0,firmable
Active Quality,Sydney,IT - Software,https://www.activequality.com.au/,active-quality,https://www.linkedin.com/company/active-quality/,,firmable
Acurio Health / Cureos,Sydney,"Services - professional, scientific, and technical",https://cureos.com.au/,cureos,https://www.linkedin.com/company/cureos/,100.0,firmable
Adapt Solutions,New Zealand,IT - Software,https://adaptsolutions.co.nz/,adapt-solutions-ltd,https://www.linkedin.com/company/adapt-solutions-ltd/,6.0,firmable
Adelaide Paediatrics,Adelaide,"Services - professional, scientific, and technical",https://www.adelaidepaediatrics.com.au/,adelaide-paediatrics,https://www.linkedin.com/company/adelaide-paediatrics/,102.0,firmable
Adroit Creations,Sydney,IT - Software,https://adroitcreations.com/,elementtime-adroitcreations,https://www.linkedin.com/company/elementtime-adroitcreations/,16.0,firmable
Advance Rehab Centre,Sydney,"Services - professional, scientific, and technical",https://archealth.com.au/,advance-rehab-centre,https://www.linkedin.com/company/advance-rehab-centre/,100.0,firmable
Advanced Anaesthesia Specialists,Sydney,Healthcare,http://aasveterinary.com/,advanced-anaesthesia-specialists,https://www.linkedin.com/company/advanced-anaesthesia-specialists/,12.0,serp
Aerofloat,Sydney,"Services - professional, scientific, and technical",https://www.aerofloat.com.au/,aerofloat-australia-pty-ltd,https://www.linkedin.com/company/aerofloat-australia-pty-ltd/,5.0,firmable
Aerosafe Risk Management,Sydney,"Services - professional, scientific, and technical",https://www.aerosafe.com.au/home.php,aerosafe-risk-management-inc-,https://www.linkedin.com/company/aerosafe-risk-management-inc-/,,firmable
Agen,New Zealand,Manufacturing,https://agen.co.nz/about-us/,agen-limited,https://www.linkedin.com/company/agen-limited/,5.0,serp
AgriSmart,New Zealand,IT - Software,https://agrismart.com/,agrismart,https://www.linkedin.com/company/agrismart/,29.0,firmable
AgriWebb,Sydney,IT - Software,https://www.agriwebb.com/,agriwebb,https://www.linkedin.com/company/agriwebb/,75.0,firmable
AiSpanner,Perth,IT - Software,https://aispanner.com.au/,aispanner,https://www.linkedin.com/company/aispanner/,17.0,firmable
Ailo,Sydney,IT - Software,https://ailo.io/,ailo,https://www.linkedin.com/company/ailo/,75.0,firmable
Air Communications,Western Australia,"Services - professional, scientific, and technical",https://aircomm.com.au,aircommunications,https://www.linkedin.com/company/aircommunications/,22.0,firmable
Airflite,Perth,"Services - professional, scientific, and technical",https://www.airflite.com.au/,airflite-pty-ltd,https://www.linkedin.com/company/airflite-pty-ltd/,285.0,firmable
Alaron Products,New Zealand,Manufacturing,https://www.alaron.co.nz/,alaron-products-limited,https://www.linkedin.com/company/alaron-products-limited/,73.0,serp
Alcolizer Technology,Perth,"Services - professional, scientific, and technical",https://alcolizer.com/?srsltid=AfmBOorVVoOThkYsAkZVfCFtiuCIo86L9fXltOZdPHnQ26azc5956w38,alcolizer,https://www.linkedin.com/company/alcolizer/,110.0,firmable
AlerteDH / Atrio,Perth,IT - Software,https://atrio.ai/company/,alerte-digital-health,https://www.linkedin.com/company/alerte-digital-health/,85.0,serp
Alinta Apparel,NSW,Manufacturing,https://www.alintaapparel.com.au/,alintaapparel,https://www.linkedin.com/company/alintaapparel/,,firmable
AllStar Orthodontics,Brisbane,Healthcare,https://www.allstarorthodontics.com.au/,allstar-orthodontics,https://www.linkedin.com/company/allstar-orthodontics/,,firmable
Allied Group / Surgiplas,Melbourne,Healthcare,https://surgiplas.com.au/,surgiplas-medical,https://www.linkedin.com/company/surgiplas-medical/,50.0,firmable
Alpha Scientific,Melbourne,"Services - professional, scientific, and technical",https://alphascientific.com.au/,alpha-scientific-pty-ltd,https://www.linkedin.com/company/alpha-scientific-pty-ltd/,3.0,firmable
Altura Health,Sydney,IT - Software,http://alturahealth.com.au/,altura-health,https://www.linkedin.com/company/altura-health/,35.0,firmable
Andrew Engineering,Melbourne,Manufacturing,https://andeng.com.au/,andrew-engineering-pty-ltd,https://www.linkedin.com/company/andrew-engineering-pty-ltd/,44.0,firmable
Animal Innovations,Adelaide,Manufacturing,https://www.aimcentral.com.au/,aimcentral,https://www.linkedin.com/company/aimcentral/,,firmable
Anxiety House,Brisbane,"Services - professional, scientific, and technical",https://anxietyhouse.com.au/,anxiety-house,https://www.linkedin.com/company/anxiety-house/,80.0,firmable
Applied Mining Technologies,Brisbane,IT - Software,https://appliedmining.tech/,appliedminingtech,https://www.linkedin.com/company/appliedminingtech/,4.0,firmable
Aqua Energy Group,New South Wales,Manufacturing,https://aquaenergygroup.com.au/,aquaenergygroup,https://www.linkedin.com/company/aquaenergygroup/,25.0,firmable
AquaWatch,New Zealand,IT - Software,https://www.aquawatchsolutions.com/,aquawatch,https://www.linkedin.com/company/aquawatch/,15.0,serp
Aquabliss School of Swim,Sydney,"Arts, entertainment and recreation",https://www.aquabliss.com.au/,aquabliss,https://www.linkedin.com/company/aquabliss/,,firmable
Aquip Systems,Perth,Wholesale trade,https://www.aquip.com.au/,aquip-systems-pty-ltd,https://www.linkedin.com/company/aquip-systems-pty-ltd/,,firmable
Argos Solutions,New Zealand,IT - Software,https://argos.co.nz/,argos-financial-systems-limited,https://www.linkedin.com/company/argos-financial-systems-limited/,9.0,serp
Arrow Health,Melbourne,Healthcare,https://arrowhealth.com.au/,arrow-health-addiction-treatment,https://www.linkedin.com/company/arrow-health-addiction-treatment/,,firmable
Arthur D. Riley,New Zealand,IT - Hardware,https://www.adriley.co.nz/,arthur-d-riley,https://www.linkedin.com/company/arthur-d-riley/,130.0,firmable
Arventa,Sydney,IT - Software,https://www.arventa.com.au/,arventa-limited,https://www.linkedin.com/company/arventa-limited/,28.0,firmable
Ask your Team,New Zealand,IT - Software,https://askyourteam.com/,askyourteam,https://www.linkedin.com/company/askyourteam/,,firmable
Aspect Productivity Technology,Auckland,IT - Software,https://www.aspectpt.com/,aspectpt,https://www.linkedin.com/company/aspectpt/,4.0,firmable
Assemble Sports,Sydney,IT - Software,https://www.assemblesports.com/#about,assemble-sports,https://www.linkedin.com/company/assemble-sports/,5.0,firmable
Asset.Guru,Sydney,IT - Software,https://asset.guru/,asset-guru,https://www.linkedin.com/company/asset-guru/,,firmable
Association Membership Software / Bond Software,Melbourne,IT - Software,https://bond.software/,bond-software,https://www.linkedin.com/company/bond-software/,5.0,firmable
Assura Software,New Zealand,IT - Software,https://www.assurasoftware.com/,assura-software-ltd,https://www.linkedin.com/company/assura-software-ltd/,17.0,serp
Astelec,Adelaide,"Services - professional, scientific, and technical",https://astelec.com.au/,astelec,https://www.linkedin.com/company/astelec/,,firmable
Atlas Weighing,New South Wales,Manufacturing,https://www.atlasweighing.com.au/,instant-weighing,https://www.linkedin.com/company/instant-weighing/,5.0,serp
Attentis,Melbourne,Manufacturing,https://attentistechnology.com/,attentis-technology,https://www.linkedin.com/company/attentis-technology/,10.0,firmable
Atticus,Melbourne,IT - Software,https://www.atticus.tech/,atticustech,https://www.linkedin.com/company/atticustech/,15.0,firmable
Auckland BioScience,Auckland,Healthcare,https://www.aucklandbio.com/,auckland-biosciences,https://www.linkedin.com/company/auckland-biosciences/,,serp
Augview,Auckland,IT - Software,https://www.augview.net/,augview-ltd,https://www.linkedin.com/company/augview-ltd/,8.0,serp
AusComply,Sydney,IT - Software,https://auscomply.com.au/,auscomply,https://www.linkedin.com/company/auscomply/,5.0,firmable
AusVet Endoscopy,Victoria,Veterinary,https://www.austvetendoscopy.com.au/,austvetendoscopy,https://www.linkedin.com/company/austvetendoscopy/,,firmable
Ausloans / Zink,Gold Coast,IT - Software,https://www.ausloans.com.au/gcsouth,ausloansfinance,https://www.linkedin.com/company/ausloansfinance/,83.0,firmable
Aussie Switchboards,Gold Coast,Manufacturing,https://aussieswitchboards.com.au/,aussie-switchboards,https://www.linkedin.com/company/aussie-switchboards/,30.0,firmable
Australia Dental,Queensland,Healthcare,https://www.adaq.org.au/,adaqueensland,https://www.linkedin.com/company/adaqueensland/,,firmable
Australian Calibration Group,Melbourne,"Services - professional, scientific, and technical",https://auscalgroup.com/,australian-calibration-group,https://www.linkedin.com/company/australian-calibration-group/,3.0,firmable
Australian Group Insurances,Sydney,Finance and insurance,https://agigroup.com.au/,australian-group-insurances-pty-ltd-agi,https://www.linkedin.com/company/australian-group-insurances-pty-ltd-agi/,36.0,firmable
Australian Industrial Trainers & Assessors,Victoria,Education,https://aitac.edu.au/,aitac-australian-industrial-trainers-assessors-&-consultants,https://www.linkedin.com/company/aitac-australian-industrial-trainers-assessors-&-consultants/,24.0,firmable
Australian Institute of Laser Therapy,Melbourne,Education,https://training.gov.au/organisation/details/20126,catholic-regional-college-institute-of-training-crcit-,https://www.linkedin.com/company/catholic-regional-college-institute-of-training-crcit-/,3.0,firmable
AutoGuru,Gold Coast,"Services - professional, scientific, and technical",https://www.autoguru.com.au/mechanics/qld/gold-coast,fleetguru-au,https://www.linkedin.com/company/fleetguru-au/,,firmable
Autodose,Brisbane,IT - Software,https://autodose.com.au/about-us/,autodose,https://www.linkedin.com/company/autodose/,10.0,firmable
Automaint Solutions,Melbourne,"Services - professional, scientific, and technical",https://automaint.com.au/,automaint-solutions-pty-ltd,https://www.linkedin.com/company/automaint-solutions-pty-ltd/,22.0,firmable
Automate-X,Auckland,"Services - professional, scientific, and technical",https://automate-x.nz/,automate-x,https://www.linkedin.com/company/automate-x/,32.0,firmable
Avani Solutions,Sydney,"Services - professional, scientific, and technical",https://avanisolutions.com/,avanisolutions,https://www.linkedin.com/company/avanisolutions/,28.0,firmable
Axiom Precision Manufacturing,Adelaide,Manufacturing,https://www.axiompm.com.au/,axiom-precision-manufacturing,https://www.linkedin.com/company/axiom-precision-manufacturing/,70.0,firmable
Axt,Sydney,Wholesale trade,https://www.axt.com.au/,axt-pty-ltd,https://www.linkedin.com/company/axt-pty-ltd/,,firmable
Azured,Melbourne,"Services - professional, scientific, and technical",https://azured.com.au/,azured-consulting,https://www.linkedin.com/company/azured-consulting/,30.0,firmable
BB Power Solutions,Perth,"Services - professional, scientific, and technical",https://bbpowersolutions.com.au/,bb-power-solutions,https://www.linkedin.com/company/bb-power-solutions/,3.0,firmable
Bailey Abbott,Adelaide,"Services - professional, scientific, and technical",https://baileyabbott.com.au/,bailey-abbott,https://www.linkedin.com/company/bailey-abbott/,90.0,firmable
Barker Trailers,Victoria,Manufacturing,https://barkertrailers.com.au/,barkertrailers,https://www.linkedin.com/company/barkertrailers/,200.0,firmable
Baumgartner Super,Melbourne,"Services - professional, scientific, and technical",https://www.baumgartners.com.au/,baumgartners-chartered-tax-accountants,https://www.linkedin.com/company/baumgartners-chartered-tax-accountants/,50.0,firmable
Baxter Laboratories,Melbourne,Manufacturing,https://baxterlaboratories.com/,baxter-laboratories,https://www.linkedin.com/company/baxter-laboratories/,120.0,firmable
Bayshann / CPDValet,Melbourne,IT - Software,https://bayshann.com/company/,bayshann,https://www.linkedin.com/company/bayshann/,18.0,firmable
Beacon Support,Queensland,Healthcare,https://www.beaconsupport.com.au/,beacon-support,https://www.linkedin.com/company/beacon-support/,130.0,firmable
Beam Health,New South Wales,"Services - professional, scientific, and technical",https://beamservices.com.au/,beam-health,https://www.linkedin.com/company/beam-health/,49.0,firmable
Bench Media,Sydney,IT - Software,https://benchmedia.com/,benchmediagroup,https://www.linkedin.com/company/benchmediagroup/,12.0,firmable
Bestrane / Mobiledock,Melbourne,IT - Software,https://www.bestrane.com.au/technology/delivery-and-appointment-scheduling-tech/mobiledock,bestrane-group,https://www.linkedin.com/company/bestrane-group/,29.0,firmable
Beyond Essential Systems,Melbourne,IT - Software,https://www.bes.au/,beyond-essential-systems,https://www.linkedin.com/company/beyond-essential-systems/,65.0,firmable
Bidhive,Brisbane,IT - Software,https://bidhive.com/,bidhive,https://www.linkedin.com/company/bidhive/,3.0,firmable
Billing Bureau,Melbourne,Finance and insurance,https://www.billing.com.au/,billing-bureau,https://www.linkedin.com/company/billing-bureau/,10.0,firmable
BioChem Water,Central Coast,"Services - professional, scientific, and technical",https://www.biochemwater.com.au/about/,biochem-water,https://www.linkedin.com/company/biochem-water/,3.0,firmable
BioCina,Adelaide,"Services - professional, scientific, and technical",https://biocina.com/,biocina,https://www.linkedin.com/company/biocina/,172.0,firmable
BioStart,Auckland,Manufacturing,https://biostart.co.nz/,biostartnz,https://www.linkedin.com/company/biostartnz/,12.0,firmable
BioTools,Brisbane,Wholesale trade,https://biotools.com.au/,biotools,https://www.linkedin.com/company/biotools/,63.0,firmable
Biomedics,Hobart,Healthcare,https://biomedics.com.au/,biomedicstas,https://www.linkedin.com/company/biomedicstas/,5.0,firmable
Biometix,Canberra,IT - Software,https://biometix.com/,biometix,https://www.linkedin.com/company/biometix/,,firmable
Biovet Australia,Victoria,Veterinary,https://www.biovetaust.com.au/,biovet-aust,https://www.linkedin.com/company/biovet-aust/,3.0,firmable
Bitpool,Brisbane,IT - Software,https://www.bitpool.com/,bitpool,https://www.linkedin.com/company/bitpool/,29.0,firmable
Blokes Psychology,Melbourne,"Services - professional, scientific, and technical",https://www.blokespsychology.com.au/,blokes-psychology,https://www.linkedin.com/company/blokes-psychology/,26.0,firmable
Bloom Consulting (SpendConsole),Sydney,IT - Software,https://bloomit.com.au/,bloomit-consulting,https://www.linkedin.com/company/bloomit-consulting/,10.0,firmable
Blue Dolphin Swim Centre,Adelaide,Education,https://bluedolphinswim.com.au/,blue-dolphin-swim-centre,https://www.linkedin.com/company/blue-dolphin-swim-centre/,50.0,firmable
Blue IoT,Melbourne,IT - Software,https://www.blueiot.com.au/,blue-iot-team,https://www.linkedin.com/company/blue-iot-team/,,firmable
BlueSky,Sunshine Coast,IT - Software,https://blueskycreations.com.au/,bluesky-creations,https://www.linkedin.com/company/bluesky-creations/,50.0,firmable
Boorn,Western Australia,Education,https://boorn.family/,born-organic,https://www.linkedin.com/company/born-organic/,,serp
Brave Energy Systems,Melbourne,IT - Software,https://www.braveenergy.com.au/,brave-energy,https://www.linkedin.com/company/brave-energy/,180.0,firmable
Breinz / SmarteBuild,Brisbane,IT - Software,https://smartebuild.com.au/,smartebuild,https://www.linkedin.com/company/smartebuild/,6.0,firmable
Bridges Alliance,Sydney,Healthcare,https://www.bridgesalliance.com.au/,bridges-alliance,https://www.linkedin.com/company/bridges-alliance/,15.0,firmable
Brightside Scientific,Sydney,"Services - professional, scientific, and technical",https://www.brightsidescientific.com.au/,brightside-scientific,https://www.linkedin.com/company/brightside-scientific/,,firmable
Budgetly,Sunshine Coast,Finance and insurance,https://www.budgetly.com.au/,budgetly,https://www.linkedin.com/company/budgetly/,18.0,firmable
BurnsRed,Melbourne,"Services - professional, scientific, and technical",http://www.burnsred.com.au/,burnsred,https://www.linkedin.com/company/burnsred/,,firmable
Bware,New Zealand,IT - Software,https://bware.co.nz/,bware-ltd,https://www.linkedin.com/company/bware-ltd/,9.0,serp
C&M Aquatic Centre,Sydney,Education,https://cmaquaticcentre.com.au/,c&m-aquatic-centre,https://www.linkedin.com/company/c&m-aquatic-centre/,40.0,firmable
CBE Pure Solutions,Melbourne,"Services - professional, scientific, and technical",https://cbepuresolutions.com/,cbe-pure-solutions,https://www.linkedin.com/company/cbe-pure-solutions/,10.0,firmable
CNG Systems,Melbourne,Telecommunications,https://www.cng.com.au/,cng-systems-pty--ltd-,https://www.linkedin.com/company/cng-systems-pty--ltd-/,38.0,firmable
COMMSecurity,Melbourne,"Services - professional, scientific, and technical",https://www.commsecurity.com.au/,commsecurity,https://www.linkedin.com/company/commsecurity/,40.0,firmable
CSO Group,Perth,"Services - professional, scientific, and technical",https://csogroup.com.au/,cso-group,https://www.linkedin.com/company/cso-group/,35.0,firmable
Cadmus,Melbourne,Education,https://cadmus.io/,cadmus-io,https://www.linkedin.com/company/cadmus-io/,,firmable
Calibre Financial Technology / CalibreRMS,Sydney,IT - Software,https://www.calibreft.com/about-us/,calibre-financial-technology,https://www.linkedin.com/company/calibre-financial-technology/,10.0,firmable
Campion Education,Melbourne,Education,https://campion.com.au/,campion-education,https://www.linkedin.com/company/campion-education/,,firmable
Canary IT,Sydney,"Services - professional, scientific, and technical",https://canaryit.com.au/,canary-it,https://www.linkedin.com/company/canary-it/,,firmable
Capability.Co,Sydney,IT - Software,https://capability.co/,capability-co,https://www.linkedin.com/company/capability-co/,21.0,firmable
Carbon Count,Melbourne,IT - Software,http://myexport.au/index.php?option=com_jbusinessdirectory&view=companies&companyId=13241&Itemid=101,carbon-counts-tech,https://www.linkedin.com/company/carbon-counts-tech/,8.0,serp
CarbonLink,Brisbane,"Services - professional, scientific, and technical",https://carbonlink.com.au/,carbonlink,https://www.linkedin.com/company/carbonlink/,41.0,firmable
CardiAction,Melbourne,Healthcare,https://www.cardiaction.com/,cardiaction,https://www.linkedin.com/company/cardiaction/,6.0,firmable
Cardihab,Brisbane,Healthcare,https://cardihab.com/,cardihab,https://www.linkedin.com/company/cardihab/,,firmable
Care to Change,Brisbane,Healthcare,https://www.caretochange.com.au/,caretochange,https://www.linkedin.com/company/caretochange/,15.0,firmable
CareVision,Sydney,IT - Software,https://carevision.com/,carevision,https://www.linkedin.com/company/carevision/,15.0,firmable
Cario,Melbourne,IT - Software,https://cario.com.au/,cariotechnology,https://www.linkedin.com/company/cariotechnology/,32.0,firmable
CartonCloud,Gold Coast,IT - Software,https://www.cartoncloud.com/,cartoncloud,https://www.linkedin.com/company/cartoncloud/,,firmable
Cemplicity,Auckland,IT - Software,https://www.cemplicity.com/,cemplicity,https://www.linkedin.com/company/cemplicity/,28.0,serp
Central Animal Records/Microchips Australia,Melbourne,"Services - professional, scientific, and technical",https://car.com.au/?srsltid=AfmBOoprAX2yc72A0GjIB6Og_TXEZdwVe1AYufkdA1gfQ553tmyWOBxP,central-animal-records,https://www.linkedin.com/company/central-animal-records/,15.0,firmable
Cerclos / eTool,Perth,IT - Software,https://cerclos.com/,cerclos,https://www.linkedin.com/company/cerclos/,26.0,firmable
Cerely,Gold Coast,IT - Software,https://thefarmshop.au/products/celery,cerelysoftware,https://www.linkedin.com/company/cerelysoftware/,4.0,serp
Certified By,Melbourne,IT - Software,https://find-and-update.company-information.service.gov.uk/officers/mT78P5miBZPtAAoikm7gXu9kKX8/appointments,certifiedby,https://www.linkedin.com/company/certifiedby/,25.0,serp
ChainCollective / My Databoss,Sydney,IT - Software,https://www.mydataboss.com/,mydataboss,https://www.linkedin.com/company/mydataboss/,8.0,firmable
Chem-Supply,Adelaide,Manufacturing,https://www.chemsupply.com.au/,chem-supply-pty-ltd,https://www.linkedin.com/company/chem-supply-pty-ltd/,,firmable
Chemical Safety International,Melbourne,IT - Software,http://www.chemicalsafety.com.au/,chemical-safety-international,https://www.linkedin.com/company/chemical-safety-international/,20.0,firmable
Chevron Equipment Finance,Gold Coast,Finance and insurance,https://chevronfinance.com/,chevron-equipment-finance,https://www.linkedin.com/company/chevron-equipment-finance/,5.0,firmable
Child Wellbeing Centre,Perth,"Services - professional, scientific, and technical",https://www.childwellbeingcentre.net.au/,child-wellbeing-centre,https://www.linkedin.com/company/child-wellbeing-centre/,38.0,firmable
Choice Energy,Melbourne,Utilities,https://www.choiceenergy.com.au/,choiceenergy,https://www.linkedin.com/company/choiceenergy/,40.0,firmable
Chomp,New Zealand,IT - Software,https://www.chompfoodsafety.com/en-nz/,chomp_food_safety,https://www.linkedin.com/company/chomp_food_safety/,5.0,firmable
Cirrus Real Time Processing Systems,Sydney,"Services - professional, scientific, and technical",https://www.cirrusrtps.com.au/,cirrus-real-time-processing-systems,https://www.linkedin.com/company/cirrus-real-time-processing-systems/,10.0,serp
Claims Advocate,Melbourne,IT - Software,https://claimsadvocate.com.au/,cal---claims-advocate-limited,https://www.linkedin.com/company/cal---claims-advocate-limited/,11.0,firmable
Clarc,Auckland,IT - Software,https://archipro.co.nz/professional/clarc/info,clarc-platform,https://www.linkedin.com/company/clarc-platform/,6.0,serp
Clear Sky Australia,New South Wales,Healthcare,https://www.clearskyaustralia.com.au/,clear-sky-australia-pty-limited,https://www.linkedin.com/company/clear-sky-australia-pty-limited/,5.0,firmable
ClickHome,Perth,IT - Software,https://www.clickhome.com.au/,clickhome-_,https://www.linkedin.com/company/clickhome-_/,11.0,firmable
Clinical Documentation Improvement Australia,Sydney,"Services - professional, scientific, and technical",https://www.cdia.com.au/,clinical-documentation-improvement-australia,https://www.linkedin.com/company/clinical-documentation-improvement-australia/,140.0,firmable
Clinrol,Sydney,IT - Software,https://www.clinrol.com/,clinrol,https://www.linkedin.com/company/clinrol/,4.0,firmable
Clintel,Adelaide,IT - Software,https://www.careright.au/,clintel-systems-clinical-software,https://www.linkedin.com/company/clintel-systems-clinical-software/,9.0,firmable
Code Avengers,New Zealand,IT - Software,https://www.codeavengers.com/,code-avengers,https://www.linkedin.com/company/code-avengers/,16.0,serp
CodeSafe,Melbourne,IT - Software,https://www.codesafesolutions.com.au/,code-safe,https://www.linkedin.com/company/code-safe/,,firmable
Cognitive View,Melbourne,IT - Software,https://www.cognitiveview.com/,cognitiveview,https://www.linkedin.com/company/cognitiveview/,5.0,firmable
College of Complementary Medicine,Sydney,Education,https://ccm.edu.au/,college-of-complementary-medicine,https://www.linkedin.com/company/college-of-complementary-medicine/,30.0,firmable
Compass Immunology Clinic,Brisbane,"Services - professional, scientific, and technical",https://compass.clinic/,compass-immunology-clinic,https://www.linkedin.com/company/compass-immunology-clinic/,33.0,serp
Competitive Pest Services,Sydney,"Services - professional, scientific, and technical",https://competitivepestcontrol.com.au/,commercial-pest-services,https://www.linkedin.com/company/commercial-pest-services/,100.0,firmable
CompleteHealth Australia / HealthyWeight Australia,Sydney,Healthcare,https://healthyweightaustralia.com.au/,healthy-weight-australia,https://www.linkedin.com/company/healthy-weight-australia/,23.0,firmable
Compliant Learning Resources / eSkilled,Brisbane,IT - Software,https://compliantlearningresources.com.au/,compliant-learning-resources,https://www.linkedin.com/company/compliant-learning-resources/,10.0,firmable
Comply Flow,Sydney,IT - Software,https://www.complyflow.com/,comply-flow,https://www.linkedin.com/company/comply-flow/,,firmable
Computer Frameworks,Sydney,IT - Software,https://www.computerframeworks.com.au/,computer-frameworks,https://www.linkedin.com/company/computer-frameworks/,17.0,firmable
Comtech Training,Perth,Education,https://comtech.edu.au/,comtech-training-rto-code-90933,https://www.linkedin.com/company/comtech-training-rto-code-90933/,60.0,firmable
Confidia,Sydney,IT - Software,https://confidia.com.au/,confidialimited,https://www.linkedin.com/company/confidialimited/,,firmable
Constructor,Melbourne,IT - Software,https://constructor.com.au/,constructor,https://www.linkedin.com/company/constructor/,5.0,firmable
Continental Water,Sydney,Utilities,https://continentalwater.com.au/,continentalwater,https://www.linkedin.com/company/continentalwater/,35.0,firmable
ContinuSys,Brisbane,IT - Software,https://continusys.com/,continusys,https://www.linkedin.com/company/continusys/,29.0,firmable
Control Systems Technology,New South Wales,"Services - professional, scientific, and technical",https://www.controlsystems.com.au/,control-systems-technology,https://www.linkedin.com/company/control-systems-technology/,120.0,firmable
CoolDrive,Melbourne,Wholesale trade,https://ishop.cooldrive.com.au/,cooldrive-distribution,https://www.linkedin.com/company/cooldrive-distribution/,,firmable
CorProfit Systems,Sydney,IT - Software,https://www.datanyze.com/companies/corprofit/9666667,corprofit-systems,https://www.linkedin.com/company/corprofit-systems/,,serp
Core Practice,Sydney,IT - Software,https://www.corepractice.com.au/,core-practice-pty-ltd,https://www.linkedin.com/company/core-practice-pty-ltd/,20.0,firmable
Coreplus,Melbourne,IT - Software,https://www.core-plus.com/au,core_plus,https://www.linkedin.com/company/core_plus/,,firmable
Corethix,Sydney,IT - Software,https://www.thecompanycheck.com/company/b/corethix/daaeb29075994e9e9,corethix,https://www.linkedin.com/company/corethix/,6.0,serp
Cornerstone Medical Recruitment,Brisbane,"Services - professional, scientific, and technical",https://www.cmr.com.au/about-us/,cornerstone-recruitment-pty-ltd,https://www.linkedin.com/company/cornerstone-recruitment-pty-ltd/,,firmable
Corporate Protection,Brisbane,"Services - professional, scientific, and technical",https://corporateprotect.com.au/,corporate-protection,https://www.linkedin.com/company/corporate-protection/,400.0,firmable
CoverTel,Melbourne,Wholesale trade,https://www.covertel.com.au/?srsltid=AfmBOopiRFcoK8ae13tprExWxsowiuMMMaKW5lWtwyJrGPFl24PTeCeS,covertel-telecommunications-group,https://www.linkedin.com/company/covertel-telecommunications-group/,30.0,firmable
CrackerSystems,Melbourne,IT - Software,https://www.rocketsystems.com.au/our-way,rocket-systems-au,https://www.linkedin.com/company/rocket-systems-au/,,firmable
Crystal Delta / Mastedly,Melbourne,IT - Software,https://crystaldelta.com/,crystal-delta,https://www.linkedin.com/company/crystal-delta/,156.0,firmable
Customer Radar,Auckland,IT - Software,https://customerradar.com/,customer-radar,https://www.linkedin.com/company/customer-radar/,,serp
Cyber Citadel,Sydney,"Services - professional, scientific, and technical",https://www.cybercitadel.com/,cyber-citadel,https://www.linkedin.com/company/cyber-citadel/,0.0,firmable
Cyber Risk,Melbourne,"Services - professional, scientific, and technical",https://cyber-risk.com.au/,cyberrisk,https://www.linkedin.com/company/cyberrisk/,14.0,firmable
Cybuild,New South Wales,IT - Software,https://cybuild.com.au/,cybuild,https://www.linkedin.com/company/cybuild/,2.0,serp
Cymax,Brisbane,"Services - professional, scientific, and technical",https://cymax.com.au/,cymax-pty-ltd,https://www.linkedin.com/company/cymax-pty-ltd/,50.0,firmable
D2K Information,Melbourne,IT - Software,https://www.d2kinformation.com/,d2k-information,https://www.linkedin.com/company/d2k-information/,6.0,firmable
DIT AgTech,Queensland,IT - Software,https://ditagtech.com.au/,ditagtech,https://www.linkedin.com/company/ditagtech/,80.0,firmable
DLP Manager,Sydney,IT - Software,https://www.dlpmanager.com/,dlpmanager,https://www.linkedin.com/company/dlpmanager/,11.0,firmable
Dacreed,Auckland,IT - Software,https://www.dacreed.com/,dacreed,https://www.linkedin.com/company/dacreed/,16.0,serp
Daemco Australia,Melbourne,Manufacturing,https://www.daemco.com.au/,daemco-australia,https://www.linkedin.com/company/daemco-australia/,100.0,firmable
DailyCare,Melbourne,Healthcare,https://www.dailycare.com.au/,dailycare,https://www.linkedin.com/company/dailycare/,,firmable
Dan Smethurst Orthodontist,New Zealand,Healthcare,https://www.straightwhiteteeth.co.nz/,dan-smethurst-orthodontics,https://www.linkedin.com/company/dan-smethurst-orthodontics/,,serp
Darzin,Sydney,IT - Software,https://www.darzin.com/,darzin-software,https://www.linkedin.com/company/darzin-software/,23.0,firmable
Data Agility,Melbourne,IT - Software,https://dataagility.com/,data-agility,https://www.linkedin.com/company/data-agility/,40.0,firmable
Data Capture Experts,Melbourne,IT - Software,https://www.datacaptureexperts.com.au/,data-capture-experts,https://www.linkedin.com/company/data-capture-experts/,36.0,firmable
Data Vizioner,Auckland,IT - Software,https://www.datavizioner.com/,data-vizioner,https://www.linkedin.com/company/data-vizioner/,6.0,serp
DataTorque,Wellington,IT - Software,https://datatorque.com/,data-torque-ltd,https://www.linkedin.com/company/data-torque-ltd/,40.0,firmable
Datalink / Crisisworks,Melbourne,IT - Software,https://www.datalink.com.au/,datalinkhq,https://www.linkedin.com/company/datalinkhq/,12.0,firmable
Datarwe,Brisbane,IT - Software,https://datarwe.com/,datarwe,https://www.linkedin.com/company/datarwe/,25.0,firmable
Datasec,Melbourne,IT - Software,https://www.datasec.com.au/,datasec-solutions-pty-ltd,https://www.linkedin.com/company/datasec-solutions-pty-ltd/,12.0,firmable
Daytech,Adelaide,"Services - professional, scientific, and technical",https://www.daytechsystems.com.au/about-us,daytech-pty-ltd,https://www.linkedin.com/company/daytech-pty-ltd/,40.0,serp
Decon Corporation,Melbourne,Manufacturing,https://www.deconcorp.com.au/?srsltid=AfmBOoowQrtYttNAtpDTI_nBZgLGHkVzkxoCRdaxmZd0BM6tpEzDmSqb,decon-corporation,https://www.linkedin.com/company/decon-corporation/,300.0,firmable
Delium / elaw,Brisbane,IT - Software,https://www.delium.com/,delium-ltd,https://www.linkedin.com/company/delium-ltd/,27.0,firmable
Delmont Private Hospital,Melbourne,"Services - professional, scientific, and technical",https://www.delmonthospital.com.au/,delmont-hospital,https://www.linkedin.com/company/delmont-hospital/,120.0,firmable
Delta Hydraulics,Tasmania,Manufacturing,https://delhyd.com.au/,delta-hydraulics-pty-ltd,https://www.linkedin.com/company/delta-hydraulics-pty-ltd/,110.0,firmable
DermCo,Perth,Healthcare,https://dermco.com.au/,dermco-pty-ltd,https://www.linkedin.com/company/dermco-pty-ltd/,,firmable
DermEd,Brisbane,Education,https://dermed.com.au/,dermed-laser-education,https://www.linkedin.com/company/dermed-laser-education/,,firmable
Dev Academy,Auckland,Education,https://devacademy.co.nz/,dev-academy-aotearoa,https://www.linkedin.com/company/dev-academy-aotearoa/,75.0,firmable
Diagnostic Technology,Sydney,Wholesale trade,https://www.diagnostictechnology.com.au/pages/about-us,diagnostic-technology,https://www.linkedin.com/company/diagnostic-technology/,,firmable
Digital Terrain,Sydney,IT - Software,https://www.digitalterrain.io/about,digital-terrain,https://www.linkedin.com/company/digital-terrain/,13.0,firmable
Dipolar,Sydney,IT - Software,https://www.dipolar.com/,dipolar-software,https://www.linkedin.com/company/dipolar-software/,,firmable
Diverse Devices,Sydney,Healthcare,https://diversedevices.com.au/,diverse-devices-pty-ltd,https://www.linkedin.com/company/diverse-devices-pty-ltd/,4.0,firmable
Diverseco,South Australia,Manufacturing,https://diverseco.com.au/locations/adelaide/,diverseco,https://www.linkedin.com/company/diverseco/,120.0,firmable
Dogcity Daycare,Adelaide,"Services - professional, scientific, and technical",https://dogcity.com.au/,dogcity-daycare,https://www.linkedin.com/company/dogcity-daycare/,60.0,firmable
Dogdayz,Melbourne,"Services - professional, scientific, and technical",https://dogdayz.com.au/,dogdayz,https://www.linkedin.com/company/dogdayz/,15.0,firmable
Dore Electrics,Brisbane,Wholesale trade,https://www.doreelectrics.com.au/,dore-electrics,https://www.linkedin.com/company/dore-electrics/,,firmable
Dr Deb Harris,New South Wales,Healthcare,https://www.harrisortho.com.au/,harris-orthodontics,https://www.linkedin.com/company/harris-orthodontics/,,firmable
Dr Nino Gulotta,Gold Coast,Healthcare,https://gullottaorthodontics.com.au/,gullotta-orthodontics,https://www.linkedin.com/company/gullotta-orthodontics/,,firmable
Drip IV Australia,Gold Coast,Healthcare,https://publishednotices.asic.gov.au/browsesearch-notices/notice-details/DRIP-IV-GOLD-COAST-PTY-LTD-671685377/c7d42def-9525-4a3c-9f35-833b7c9656ad,mobile-iv-drip,https://www.linkedin.com/company/mobile-iv-drip/,23.0,serp
Drive Solutions,Queensland,Wholesale trade,https://www.drivesolutions.com.au/,driving-solutions-pty-ltd,https://www.linkedin.com/company/driving-solutions-pty-ltd/,3.0,serp
E- VIS,Melbourne,IT - Software,https://e-vis.com.au/,e-vis-pvt-ltd,https://www.linkedin.com/company/e-vis-pvt-ltd/,12.0,firmable
EC Group,Sydney,"Services - professional, scientific, and technical",https://www.ecgrp.com.au/,ec-group-ecgroup,https://www.linkedin.com/company/ec-group-ecgroup/,105.0,firmable
ECO Environmental,Perth,Wholesale trade,https://ecoenvironmental.com.au/contact-us/perth/,eco-environmental-australia-pty-ltd,https://www.linkedin.com/company/eco-environmental-australia-pty-ltd/,15.0,firmable
ELPRO Technologies,Brisbane,"Services - professional, scientific, and technical",https://www.elprotech.com,elprotechnologies,https://www.linkedin.com/company/elprotechnologies/,28.0,firmable
EMP,Wellington,"Services - professional, scientific, and technical",https://www.emp.net.nz/,empltd,https://www.linkedin.com/company/empltd/,43.0,serp
EQUIPR Software,Sunshine Coast,IT - Software,https://equiprsoftware.com/,equipr-software,https://www.linkedin.com/company/equipr-software/,4.0,firmable
EScIS / Esdat,New South Wales,IT - Software,https://escis.com/region/australia/,escis-earthscience-information-systems,https://www.linkedin.com/company/escis-earthscience-information-systems/,10.0,firmable
EVX,Sydney,Transport,https://evx.tech/,evx-tech,https://www.linkedin.com/company/evx-tech/,4.0,firmable
Early Life Foundations,Melbourne,Education,https://earlylife.com.au/,early-life-foundations-walker-learning,https://www.linkedin.com/company/early-life-foundations-walker-learning/,18.0,firmable
Ecocene / Ecoda,Perth,IT - Software,https://ecocene.com/,ecocene-natural-futures,https://www.linkedin.com/company/ecocene-natural-futures/,40.0,firmable
EdTech Group,Brisbane,IT - Software,https://www.edtechgroup.com.au/,edtech-group,https://www.linkedin.com/company/edtech-group/,36.0,firmable
Edalex,Hobart,IT - Software,https://www.edalex.com/,edalex,https://www.linkedin.com/company/edalex/,19.0,firmable
Eden Orthodontics,Auckland,Healthcare,https://www.edenorthodontics.co.nz/,eden-dental-centre,https://www.linkedin.com/company/eden-dental-centre/,,serp
Edge2020,Brisbane,"Services - professional, scientific, and technical",https://edge2020.com.au/,edge2020,https://www.linkedin.com/company/edge2020/,10.0,firmable
Educator Impact,Sydney,Education,https://educatorimpact.com/,educator-impact,https://www.linkedin.com/company/educator-impact/,29.0,firmable
Elastotec,Central Coast,Manufacturing,https://www.elastotec.com.au/,elastotec,https://www.linkedin.com/company/elastotec/,56.0,firmable
Elbon Group of Companies / Height Safety Engineers,Sydney,Education,https://heightsafety.net/,height-safety-engineers,https://www.linkedin.com/company/height-safety-engineers/,70.0,firmable
Electrical Engineering Equipment,Sydney,Wholesale trade,https://www.eee-australia.com.au/,sydneyengineering,https://www.linkedin.com/company/sydneyengineering/,8.0,serp
Electronic Component Distributor,Australia,Wholesale trade,https://www.digikey.com.au/?srsltid=AfmBOopU-gPs4PkBNsf1dkQAviv3fKQFN0BkgJgVzG5O7tVBto9kHPdL,electronic-components-pty-ltd,https://www.linkedin.com/company/electronic-components-pty-ltd/,,serp
Electronic Power Solutions,Brisbane,Wholesale trade,https://electronicpowersolutions.com/,electronic-power-solutions-pty-ltd,https://www.linkedin.com/company/electronic-power-solutions-pty-ltd/,4.0,firmable
Elisa Systems,Brisbane,Services - other,https://elisasystems.com/,elisa-systems-pty-ltd,https://www.linkedin.com/company/elisa-systems-pty-ltd/,,firmable
Elite Swimming,Melbourne,Education,https://www.eliteswimming.com.au/,elite-swimming,https://www.linkedin.com/company/elite-swimming/,4.0,firmable
Ella Baché,Sydney,Education,https://www.ellabache.com.au/pages/salon-sydney?srsltid=AfmBOoo--AwmmIGX9WzWJDzCraVbjtijV8w8ArD3Ivfd-NvI3_S115NI,ellabache,https://www.linkedin.com/company/ellabache/,,firmable
EllisCo,Auckland,Wholesale trade,https://www.ellis.co.nz/?srsltid=AfmBOoqeQyFOkE6AGWnqcQWhEtuhgdM5VOJFjJ3dCr5cIvsk0uGsccED,ellisco,https://www.linkedin.com/company/ellisco/,,serp
Eltham Swimming School,Melbourne,Education,https://www.elthamswim.com.au/,eltham-swimming-school,https://www.linkedin.com/company/eltham-swimming-school/,2.0,serp
Elumina Elearning,Sydney,IT - Software,https://eluminaelearning.com.au/,eluminaelearning,https://www.linkedin.com/company/eluminaelearning/,120.0,firmable
Embrace Community Care,Sydney,Healthcare,https://embracecommunitycare.com.au/,embrace-community-care-pty-ltd,https://www.linkedin.com/company/embrace-community-care-pty-ltd/,12.0,firmable
Embrace Orthodontists,Canberra,Healthcare,https://www.eo.com.au/,embrace-orthodontists,https://www.linkedin.com/company/embrace-orthodontists/,,firmable
Emerg,Melbourne,IT - Software,https://emergency.vic.gov.au/,emerg-solutions,https://www.linkedin.com/company/emerg-solutions/,0.0,serp
Emergent Group,New South Wales,"Services - professional, scientific, and technical",https://emergentgroup.com.au/,emergentgroup,https://www.linkedin.com/company/emergentgroup/,17.0,firmable
EmployeeConnect,Sydney,IT - Software,https://www.employeeconnect.com/about-employeeconnect-read-our-story/,employeeconnect,https://www.linkedin.com/company/employeeconnect/,22.0,firmable
Emprevo,Melbourne,Healthcare,https://www.emprevo.com/,emprevo,https://www.linkedin.com/company/emprevo/,12.0,firmable
EncompaaS,Sydney,IT - Software,https://encompaas.cloud/,encompaas,https://www.linkedin.com/company/encompaas/,55.0,firmable
Endotherapeutics,Sydney,Healthcare,https://www.endotx.com.au/,endotherapeutics,https://www.linkedin.com/company/endotherapeutics/,56.0,firmable
Endpoint IQ,Brisbane,IT - Software,https://www.endpointiq.com.au/,endpointiq,https://www.linkedin.com/company/endpointiq/,14.0,firmable
Energetica,Melbourne,IT - Software,https://energetica.io/,energetica.io,https://www.linkedin.com/company/energetica.io/,9.0,firmable
Energy-Tec,Perth,"Services - professional, scientific, and technical",https://energytec.com.au/,energytecholdings,https://www.linkedin.com/company/energytecholdings/,25.0,firmable
Energys,Melbourne,"Services - professional, scientific, and technical",https://energys.com.au/,energys-australia,https://www.linkedin.com/company/energys-australia/,41.0,firmable
Engage Solutions,Auckland,IT - Software,https://engagesolutions.co.nz/,engagesolutions,https://www.linkedin.com/company/engagesolutions/,8.0,serp
Engineering Supplies,Perth,Wholesale trade,https://www.engineeringsupplies.com.au/,engineering-supplies-au,https://www.linkedin.com/company/engineering-supplies-au/,,firmable
Enviro Building Services / Nube iO,Sydney,"Services - professional, scientific, and technical",https://enviroservices.com.au/,enviro-building-services,https://www.linkedin.com/company/enviro-building-services/,33.0,firmable
EpiSoft,Sydney,IT - Software,https://episofthealth.com/,episoft-pty-ltd,https://www.linkedin.com/company/episoft-pty-ltd/,12.0,serp
Epsoft Computer Services / Flout Software,Brisbane,IT - Software,https://epsoft.com.au/,flout-software,https://www.linkedin.com/company/flout-software/,3.0,serp
Everlink,New Zealand,Manufacturing,https://www.everlink.co.nz/,everlink-ltd,https://www.linkedin.com/company/everlink-ltd/,21.0,firmable
Exergenics,Melbourne,IT - Software,https://www.exergenics.com/,exergenics,https://www.linkedin.com/company/exergenics/,33.0,firmable
Exhaust Control Industries,Melbourne,"Services - professional, scientific, and technical",https://www.exhaustcontrol.com.au/,exhaust-control-industries,https://www.linkedin.com/company/exhaust-control-industries/,50.0,firmable
Expressway Spares,New South Wales,Retail trade,https://expressway.com.au/,expressway-spares-pty-ltd,https://www.linkedin.com/company/expressway-spares-pty-ltd/,200.0,firmable
Ezetech Solutions,Sydney,IT - Software,https://ezetechsolutions.com.au/,eztech-ai,https://www.linkedin.com/company/eztech-ai/,3.0,serp
Ezihealth,Melbourne,IT - Software,https://www.eziplan.com.au/,ezyhealthcare,https://www.linkedin.com/company/ezyhealthcare/,5.0,serp
Ezypayr,Australia,IT - Hardware,https://www.ezypay.com/,ezypay,https://www.linkedin.com/company/ezypay/,,firmable
FLAIM Systems,Melbourne,"Services - professional, scientific, and technical",https://flaimsystems.com/,flaimsystems,https://www.linkedin.com/company/flaimsystems/,,firmable
FRAMECAD,Auckland,Manufacturing,https://framecad.com/,framecad-limited,https://www.linkedin.com/company/framecad-limited/,60.0,firmable
FTP Solutions,Perth,IT - Software,https://ftpsolutions.com/,ftpsolutions,https://www.linkedin.com/company/ftpsolutions/,105.0,firmable
FYI,Adelaide,IT - Software,https://fyi.app/,fyi-app,https://www.linkedin.com/company/fyi-app/,70.0,serp
Facere Australia,Sydney,IT - Software,https://facere.ai/,facere-ai,https://www.linkedin.com/company/facere-ai/,11.0,firmable
Factory Controls,Victoria,Wholesale trade,https://www.factorycontrols.com.au/,factory-controls,https://www.linkedin.com/company/factory-controls/,6.0,firmable
Farmscan Ag,Queensland,Agriculture,https://farmscan.com.au/?srsltid=AfmBOorLF4Qa77wzK8C3Dh39Yfy8J_zclpPTIwPhWPyv6jaivX3SIgwP,farmscan-australia,https://www.linkedin.com/company/farmscan-australia/,,firmable
FeeSynergy,Melbourne,IT - Software,https://feesynergy.com.au/,feesynergy-finance-p-l,https://www.linkedin.com/company/feesynergy-finance-p-l/,25.0,firmable
FieldForce4,Auckland,IT - Software,https://www.fieldforce4.com/,fieldforce4,https://www.linkedin.com/company/fieldforce4/,33.0,firmable
Filchem Australia,Sydney,Wholesale trade,https://www.filchem.com.au/,filchem-australia,https://www.linkedin.com/company/filchem-australia/,12.0,firmable
FilePro,Melbourne,IT - Software,https://www.filepro.com.au/,filepro,https://www.linkedin.com/company/filepro/,50.0,firmable
Fine Orthodontist Sydney,Sydney,Healthcare,https://www.fineorthodontics.com.au/,fine-orthosydney,https://www.linkedin.com/company/fine-orthosydney/,,firmable
Fisher Biotec,Perth,Wholesale trade,https://www.fisherbiotec.com.au/,fisher-biotec,https://www.linkedin.com/company/fisher-biotec/,,firmable
Flash Payments,Sydney,IT - Software,https://flash-payments.com/,flash-payments,https://www.linkedin.com/company/flash-payments/,,firmable
Flex Catering,Melbourne,IT - Software,https://www.flexcateringhq.com/,flex-catering,https://www.linkedin.com/company/flex-catering/,4.0,firmable
Flexigrow,Brisbane,IT - Software,https://flexigrow.com/,flexigrow,https://www.linkedin.com/company/flexigrow/,20.0,firmable
Fluid Power Engineering Solutions,Sydney,"Services - professional, scientific, and technical",https://www.fpes.net.au/,fluid-power-engineering-solutions,https://www.linkedin.com/company/fluid-power-engineering-solutions/,27.0,firmable
FocusNet Technology / Insuretech Connect,Sydney,IT - Software,https://www.techconnect.insure/,focusnet-group,https://www.linkedin.com/company/focusnet-group/,20.0,serp
Food Safe,Auckland,Education,https://www.foodsafe.co.nz/index.aspx,food-safe-limited,https://www.linkedin.com/company/food-safe-limited/,16.0,serp
Foresight Analytics,Sydney,"Services - professional, scientific, and technical",https://www.foresight-analytics.com/,foresight-analytics,https://www.linkedin.com/company/foresight-analytics/,11.0,firmable
Foresight Environmental,Sydney,IT - Software,https://www.foresightenvironmental.com/,foresight-environmental-consulting,https://www.linkedin.com/company/foresight-environmental-consulting/,15.0,firmable
FormTab,New Zealand,IT - Software,https://www.formtabapp.com/,formtab,https://www.linkedin.com/company/formtab/,6.0,serp
Fourth Line,Melbourne,IT - Software,https://fourth-line.com.au/,fourth-line,https://www.linkedin.com/company/fourth-line/,15.0,firmable
Fraame Healthcare,New Zealand,IT - Software,https://www.fraame.com/,fraame-healthcare,https://www.linkedin.com/company/fraame-healthcare/,4.0,firmable
FreightSafe,Sydney,IT - Software,https://freightsafe.com/,freightsafe1,https://www.linkedin.com/company/freightsafe1/,,firmable
FundBase Group,Sydney,IT - Software,https://www.fundbasegroup.com/about,fundbase-group,https://www.linkedin.com/company/fundbase-group/,7.0,firmable
FuseWorks,Brisbane,IT - Software,https://www.fuse.work/,fuseworksteam,https://www.linkedin.com/company/fuseworksteam/,9.0,firmable
Fuseco,Melbourne,Wholesale trade,https://www.fuseco.com.au/,fuseco-pty-ltd,https://www.linkedin.com/company/fuseco-pty-ltd/,11.0,firmable
Future Skills,Auckland,Education,https://www.futureskills.co.nz/,future-skills,https://www.linkedin.com/company/future-skills/,52.0,firmable
Future Swim Canterbury,Sydney,Education,https://futureswim.com.au/,future-swim,https://www.linkedin.com/company/future-swim/,5.0,firmable
GIS People,Brisbane,IT - Software,https://www.gispeople.com.au/,gis-people-pty-ltd,https://www.linkedin.com/company/gis-people-pty-ltd/,100.0,firmable
GKE Australia,Sydney,Healthcare,https://gkeaustralia.com/,gke-australia,https://www.linkedin.com/company/gke-australia/,7.0,firmable
GPC Electronics,New South Wales,Manufacturing,https://www.gpcelectronics.com.au/,gpc-electronics,https://www.linkedin.com/company/gpc-electronics/,78.0,firmable
GT Management / WebReq & Workbench,Sydney,IT - Software,https://www.gtmanagement.com.au/,gt-management-webreq,https://www.linkedin.com/company/gt-management-webreq/,12.0,firmable
Geelong Aquatic Center,Victoria,Education,https://www.geelongaquaticcentre.com.au/,geelong-swimming-club,https://www.linkedin.com/company/geelong-swimming-club/,,serp
General Vet Products,New South Wales,Veterinary,https://generalvetproducts.com.au/,gvp-pty-ltd,https://www.linkedin.com/company/gvp-pty-ltd/,4.0,firmable
Genesis Research Services,New South Wales,"Services - professional, scientific, and technical",https://genesisresearchservices.com/,genesis-research-services-pty-ltd,https://www.linkedin.com/company/genesis-research-services-pty-ltd/,35.0,firmable
Genomics For Life,Brisbane,Healthcare,https://genomicsforlife.com.au/,genomics-for-life,https://www.linkedin.com/company/genomics-for-life/,7.0,firmable
Global IT Factory,Melbourne,IT - Software,https://globalitfactory.com/en-au/,global-it-factory,https://www.linkedin.com/company/global-it-factory/,,firmable
Good Human,Melbourne,IT - Software,https://www.goodhuman.me/,goodhuman,https://www.linkedin.com/company/goodhuman/,200.0,firmable
Goodbye Good Boy,Melbourne,"Services - professional, scientific, and technical",https://www.goodbyegoodboy.com.au/,goodbye-good-boy,https://www.linkedin.com/company/goodbye-good-boy/,,firmable
Gordyn & Palmer / Genius Automation,Melbourne,Manufacturing,https://gordynpalmer.com.au/,gordyn-&-palmer-pty-ltd,https://www.linkedin.com/company/gordyn-&-palmer-pty-ltd/,40.0,firmable
Graycorp,Adelaide,IT - Software,https://graycorp.com.au/,graycorp,https://www.linkedin.com/company/graycorp/,12.0,firmable
GreenBe,Sydney,IT - Software,https://greenbe.com/,greenbehq,https://www.linkedin.com/company/greenbehq/,5.0,firmable
Greenspace,Sydney,Agriculture,https://greenspace.com/,greenspace-com,https://www.linkedin.com/company/greenspace-com/,,firmable
Guardhouse,Sydney,IT - Software,https://www.guardhousehq.com/,guardhousehq,https://www.linkedin.com/company/guardhousehq/,125.0,firmable
Gunnebah,New South Wales,"Services - professional, scientific, and technical",https://www.gunnebah.com.au/,gunnebah-addiction-retreat,https://www.linkedin.com/company/gunnebah-addiction-retreat/,21.0,firmable
Gurru,Melbourne,IT - Software,https://gurru.com.au/,gurru-solutions,https://www.linkedin.com/company/gurru-solutions/,17.0,firmable
HEDI Tech,Sydney,Healthcare,https://heditech.com.au/,hedi-tech,https://www.linkedin.com/company/hedi-tech/,4.0,firmable
HL Pharma,Melbourne,Wholesale trade,https://www.hlpharma.com.au/,hl-pharma,https://www.linkedin.com/company/hl-pharma/,50.0,firmable
HSE Global,Sydney,"Services - professional, scientific, and technical",https://www.hseglobal.com/,hse-global,https://www.linkedin.com/company/hse-global/,,firmable
HSR Southern Cross,Sydney,Retail trade,https://hsrsx.com.au/,hsr-southern-cross,https://www.linkedin.com/company/hsr-southern-cross/,19.0,firmable
HTA,Brisbane,Manufacturing,https://hta-global.com/,htaglobal,https://www.linkedin.com/company/htaglobal/,80.0,firmable
Happy HR,Melbourne,IT - Software,https://www.happyhr.com/,happyhr-com,https://www.linkedin.com/company/happyhr-com/,4.0,firmable
Hardcat,Melbourne,IT - Software,https://hardcat.com/,hardcat,https://www.linkedin.com/company/hardcat/,40.0,firmable
Health Metrics,Melbourne,Healthcare,https://healthmetrics.com.au/,health-metrics,https://www.linkedin.com/company/health-metrics/,,serp
Hearth Support Services,Melbourne,Healthcare,https://www.hearthaustralia.com.au/,hearth-personal-care-services,https://www.linkedin.com/company/hearth-personal-care-services/,,firmable
Heffron,Newcastle,IT - Software,https://www.heffron.com.au/,heffron,https://www.linkedin.com/company/heffron/,85.0,firmable
Hekate,New Zealand,Healthcare,https://www.companyhub.nz/companyDetails.cfm?nzbn=9429050011247,hecate-international,https://www.linkedin.com/company/hecate-international/,10.0,serp
Hevi,Sydney,IT - Software,https://www.hevi.app/,heviapp,https://www.linkedin.com/company/heviapp/,,firmable
HiQ,Sydney,"Services - professional, scientific, and technical",https://hiq.au/,hiqgroup,https://www.linkedin.com/company/hiqgroup/,250.0,firmable
HiReach Rentals / HiReach Training,Brisbane,"Services - professional, scientific, and technical",https://www.hireachtraining.com.au/,hireachtraining,https://www.linkedin.com/company/hireachtraining/,50.0,firmable
Hike,Melbourne,IT - Software,https://www.hikeandseek.com.au/?srsltid=AfmBOoqW_puFn9IMXgXHVqRYv3CuIAm0V8t6Vhje9Z7GIa58_sW_Tt3h,hike-seek,https://www.linkedin.com/company/hike-seek/,25.0,firmable
Hirotec,Sydney,IT - Software,https://hirotec.com.au/,hirotec,https://www.linkedin.com/company/hirotec/,209.0,firmable
Honey Insurance,Sydney,IT - Software,https://www.honeyinsurance.com/,honey-insurance,https://www.linkedin.com/company/honey-insurance/,,firmable
HosPortal,Sydney,IT - Software,https://www.hosportal.com/,hosportal-com,https://www.linkedin.com/company/hosportal-com/,6.0,firmable
Hosico Engineering Group,Melbourne,Manufacturing,https://hosico.com.au/,hosico-engineering-group,https://www.linkedin.com/company/hosico-engineering-group/,25.0,firmable
Hoyland Medical,Brisbane,Healthcare,https://www.hoylandmedical.com.au/,hoyland-medical-pty.-ltd.,https://www.linkedin.com/company/hoyland-medical-pty.-ltd./,6.0,firmable
Hub Systems,Central Coast,IT - Software,https://hubsystems.com.au/,hub-systems,https://www.linkedin.com/company/hub-systems/,10.0,firmable
Hubfleet,Perth,IT - Software,https://www.hubfleet.com.au/,hubfleet1,https://www.linkedin.com/company/hubfleet1/,3.0,firmable
HungryHungry,Melbourne,IT - Software,https://www.hungryhungry.com/,hungryhungry,https://www.linkedin.com/company/hungryhungry/,,firmable
Hutly,Brisbane,IT - Software,https://hutly.com/,hutly,https://www.linkedin.com/company/hutly/,26.0,firmable
Hydrix,Melbourne,Healthcare,https://www.hydrixltd.com/,hydrix,https://www.linkedin.com/company/hydrix/,,serp
Hydro Flow,Melbourne,"Services - professional, scientific, and technical",https://hydroflow.com.au/,hydro-flow,https://www.linkedin.com/company/hydro-flow/,55.0,firmable
Hydroflux Group,Sydney,"Services - professional, scientific, and technical",https://www.hydroflux.au/,hydroflux-pty-ltd,https://www.linkedin.com/company/hydroflux-pty-ltd/,110.0,firmable
IBISWorld,US,"Services - professional, scientific, and technical",https://www.ibisworld.com/united-states/list-of-industries/,ibisworld,https://www.linkedin.com/company/ibisworld/,,firmable
IMRA,Melbourne,Manufacturing,https://imrasurgical.com/,imra-surgical,https://www.linkedin.com/company/imra-surgical/,,firmable
INTELICS,Brisbane,IT - Software,https://intelics.com.au/,intelicsaus,https://www.linkedin.com/company/intelicsaus/,5.0,firmable
INTERACT Technology / myINTERACT,Sydney,IT - Software,https://www.interact.technology/,my-interact,https://www.linkedin.com/company/my-interact/,20.0,firmable
IONYX,Brisbane,IT - Software,https://ionyxdigital.com.au/,ionyx-digital,https://www.linkedin.com/company/ionyx-digital/,29.0,firmable
ISA Healthcare Solutions,Perth,IT - Software,https://www.isahealthcare.com/,isa-healthcare-solutions,https://www.linkedin.com/company/isa-healthcare-solutions/,69.0,firmable
Idmeta,Melbourne,IT - Software,https://idmetagroup.com/,idmeta-group,https://www.linkedin.com/company/idmeta-group/,8.0,firmable
Ikara,Brisbane,IT - Software,https://ikara.io/,ikaraio,https://www.linkedin.com/company/ikaraio/,10.0,firmable
In Control,Brisbane,IT - Software,https://www.incontrol.com/contact.html,in-control-pty.-ltd.,https://www.linkedin.com/company/in-control-pty.-ltd./,16.0,firmable
In Front Australian Business Solutions,Melbourne,Finance and insurance,https://infrontabs.com.au/,infrontabs,https://www.linkedin.com/company/infrontabs/,13.0,firmable
InCheq,Melbourne,IT - Software,https://incheq.com.au/,incheq-co,https://www.linkedin.com/company/incheq-co/,12.0,firmable
Indicium Dynamics,Tasmania,"Services - professional, scientific, and technical",https://www.indicium.cloud/,indicium-dynamics,https://www.linkedin.com/company/indicium-dynamics/,5.0,firmable
Industrial Monitoring & Control,New South Wales,IT - Software,https://imcontrol.com.au/,industrial-monitoring-&-control,https://www.linkedin.com/company/industrial-monitoring-&-control/,16.0,firmable
Infinet Group / Infinet Service Solutions,Melbourne,"Services - professional, scientific, and technical",https://www.infinetgroup.com.au/,infinet-service-solutions-pty-ltd,https://www.linkedin.com/company/infinet-service-solutions-pty-ltd/,200.0,serp
InfoCentric,Melbourne,"Services - professional, scientific, and technical",https://www.infocentric.com.au/,infocentric,https://www.linkedin.com/company/infocentric/,,firmable
InfoMedix,Melbourne,IT - Software,https://infomedix.com.au/,infomedix,https://www.linkedin.com/company/infomedix/,,firmable
Informed Sources,Brisbane,IT - Software,https://informedsources.com/,the-informed-sources-group,https://www.linkedin.com/company/the-informed-sources-group/,150.0,firmable
Inlogik,Sydney,IT - Software,https://inlogik.com/,inlogik,https://www.linkedin.com/company/inlogik/,25.0,firmable
Innovit,Sydney,IT - Software,https://www.innovit.com/sydney-location/,innovit-inc,https://www.linkedin.com/company/innovit-inc/,,firmable
Inservio,Sydney,"Services - professional, scientific, and technical",https://www.inservio.com.au/,inservioaustralia,https://www.linkedin.com/company/inservioaustralia/,170.0,firmable
Insight Medical,Auckland,Healthcare,https://www.insightmedical.co.nz/,insight-nz,https://www.linkedin.com/company/insight-nz/,4.0,serp
Institute Data,Sydney,Education,https://www.institutedata.com/,instituteofdata,https://www.linkedin.com/company/instituteofdata/,0.0,firmable
Insurance & Superannuation Administration Services,Melbourne,"Services - professional, scientific, and technical",https://iasas.com.au/,insurance-superannuation-administration-services-isas,https://www.linkedin.com/company/insurance-superannuation-administration-services-isas/,20.0,firmable
Intech Solutions,Sydney,IT - Software,https://www.intechsolutions.com.au/,intech-solutions-pty-ltd,https://www.linkedin.com/company/intech-solutions-pty-ltd/,22.0,firmable
Intellistrata,Melbourne,IT - Software,https://intellistrata.com.au/,intellistrata,https://www.linkedin.com/company/intellistrata/,30.0,firmable
Interintra,Adelaide,"Services - professional, scientific, and technical",https://interintra.com.au/,interintra,https://www.linkedin.com/company/interintra/,30.0,firmable
Intermedium,Sydney,IT - Software,https://www.intermedium.com.au/,intermedium-au,https://www.linkedin.com/company/intermedium-au/,13.0,firmable
International Animal Health Products,Sydney,Manufacturing,https://www.iahp.com.au/,international-animal-health-products,https://www.linkedin.com/company/international-animal-health-products/,,firmable
Intrix Cyber Security,Sydney,"Services - professional, scientific, and technical",https://intrix.com.au/,intrix-cyber-security,https://www.linkedin.com/company/intrix-cyber-security/,7.0,firmable
Invedent,Perth,IT - Software,https://www.invedent.com/,invedent,https://www.linkedin.com/company/invedent/,10.0,firmable
Invictus Partners,Melbourne,"Services - professional, scientific, and technical",https://invictuspartners.io/,invictus-partners,https://www.linkedin.com/company/invictus-partners/,,firmable
IoT Automation,Gold Coast,IT - Hardware,https://iotautomation.com.au/,iot-automation-global,https://www.linkedin.com/company/iot-automation-global/,6.0,firmable
IoT Ventures,Auckland,IT - Software,https://www.iotventures.net/,iot-ventures-ltd,https://www.linkedin.com/company/iot-ventures-ltd/,,firmable
JWGecko,New South Wales,IT - Software,https://jwgecko.com/,jwgecko-p-l,https://www.linkedin.com/company/jwgecko-p-l/,10.0,firmable
Jade Finance / Jade Equipment Finance,Gold Coast,Finance and insurance,https://www.jadeequipmentfinance.com.au/,jade-finance-australia,https://www.linkedin.com/company/jade-finance-australia/,17.0,serp
Jobman,Perth,IT - Software,https://jobman.com/au/,jobman,https://www.linkedin.com/company/jobman/,8.0,firmable
Joya Medical Supplies,Gold Coast,Healthcare,https://joyamedicalsupplies.com.au/?srsltid=AfmBOoq-kYkTDPq_6AA5THvcQN7kD7LzkImW2F7qdLdn0gxQ9RIHpUeU,joya-medical-supplies,https://www.linkedin.com/company/joya-medical-supplies/,4.0,firmable
JustMeds / JustRx,Sydney,Wholesale trade,https://www.justmeds.com.au/,justmeds,https://www.linkedin.com/company/justmeds/,,firmable
KG2,Sydney,"Services - professional, scientific, and technical",https://kg2.com.au/,kg2,https://www.linkedin.com/company/kg2/,23.0,firmable
KMSmith Funeral Directors,Brisbane,Services - other,https://kmsmith.com.au/,k-m-smith-funeral-directors,https://www.linkedin.com/company/k-m-smith-funeral-directors/,,firmable
Kallipr,Brisbane,IT - Software,https://kallipr.com/contact-us/,kallipr,https://www.linkedin.com/company/kallipr/,42.0,firmable
Kalysys,Melbourne,IT - Software,https://abr.business.gov.au/ABN/View?id=65632727961,kalosys,https://www.linkedin.com/company/kalosys/,20.0,serp
Key Pharmaceutical,Sydney,Wholesale trade,https://www.keypharm.com.au/,key-pharmaceuticals,https://www.linkedin.com/company/key-pharmaceuticals/,,firmable
Keyvision,Melbourne,IT - Software,https://keyvision.com.au/,keyvision-pty-ltd,https://www.linkedin.com/company/keyvision-pty-ltd/,10.0,firmable
Kick n Paddle Swim Schools,Melbourne,Education,https://kicknpaddleswimschools.com.au/,kick-n-paddle-swim-schools,https://www.linkedin.com/company/kick-n-paddle-swim-schools/,7.0,firmable
Kinderloop,Sydney,Education,https://kinderloop.com/,kinderloop,https://www.linkedin.com/company/kinderloop/,,firmable
Klint Neuro,Melbourne,"Services - professional, scientific, and technical",https://klintneuro.com.au/,klint,https://www.linkedin.com/company/klint/,27.0,firmable
Kwela Solutions,Sydney,IT - Software,https://usefolio.com/about/,kwela-solutions-pty-ltd-,https://www.linkedin.com/company/kwela-solutions-pty-ltd-/,12.0,firmable
Kynection,Melbourne,IT - Software,https://www.kynection.com.au/,kynection,https://www.linkedin.com/company/kynection/,22.0,firmable
LC Water,Victoria,"Services - professional, scientific, and technical",https://www.lcwater.com.au/,lc-water,https://www.linkedin.com/company/lc-water/,,firmable
LabCo Scientific,Queensland,Wholesale trade,https://www.labcoscientific.com.au/,labco-scientific-pty-ltd,https://www.linkedin.com/company/labco-scientific-pty-ltd/,,firmable
Labflow,Melbourne,IT - Software,https://www.labflow.ai/,labflow.ai,https://www.linkedin.com/company/labflow.ai/,14.0,firmable
Lane Cove Orthodontics,Sydney,Healthcare,https://www.lanecoveorthodontics.com.au/,lane-cove-orthodontics,https://www.linkedin.com/company/lane-cove-orthodontics/,,firmable
Lantrak,Melbourne,Services - other,https://www.lantrak.com.au/,lantrak-resource-management,https://www.linkedin.com/company/lantrak-resource-management/,,firmable
Lateral Medical,Brisbane,Healthcare,https://lateralmedical.com/,lateral-medical,https://www.linkedin.com/company/lateral-medical/,12.0,firmable
Lawcadia,Brisbane,IT - Software,https://www.lawcadia.com/,lawcadia,https://www.linkedin.com/company/lawcadia/,17.0,firmable
LeakTech,Brisbane,"Services - professional, scientific, and technical",https://leaktech.com.au/,leaktech-group,https://www.linkedin.com/company/leaktech-group/,15.0,firmable
Legalwise Seminars,Sydney,Education,https://legalwiseseminars.com.au/,legalwise-seminars,https://www.linkedin.com/company/legalwise-seminars/,20.0,firmable
Levno,New Zealand,IT - Software,https://www.levno.com/,levno,https://www.linkedin.com/company/levno/,,serp
LiXiA,Queensland,IT - Software,https://lixia.com.au/index.html,lixia-pty-ltd,https://www.linkedin.com/company/lixia-pty-ltd/,21.0,firmable
Link4,Adelaide,IT - Software,https://link4.co/,link-4,https://www.linkedin.com/company/link-4/,19.0,serp
LinkSafe,Melbourne,IT - Software,https://linksafe.com.au/,linksafe,https://www.linkedin.com/company/linksafe/,10.0,firmable
Linked Support Solutions,Perth,Healthcare,https://www.linkedsupportsolutions.com.au/,linked-support-solutions,https://www.linkedin.com/company/linked-support-solutions/,,firmable
Lintek,Canberra,Manufacturing,https://www.lintek.com.au/,lintek-pty-ltd,https://www.linkedin.com/company/lintek-pty-ltd/,,firmable
Liquid State,Australia,IT - Software,https://liquid-state.com/,liquid-state,https://www.linkedin.com/company/liquid-state/,16.0,firmable
Loadcell Supplies,Western Australia,Manufacturing,https://loadcell.com.au/,proofload-pty-ltd,https://www.linkedin.com/company/proofload-pty-ltd/,5.0,serp
Loadscan,New Zealand,"Services - professional, scientific, and technical",https://www.loadscan.com/,loadscan,https://www.linkedin.com/company/loadscan/,18.0,firmable
Loanworks,Sydney,IT - Software,https://www.loanworks.com.au/,loanworks-technologies,https://www.linkedin.com/company/loanworks-technologies/,300.0,firmable
LockedOn,New South Wales,IT - Software,https://lockedon.com/,lockedon,https://www.linkedin.com/company/lockedon/,18.0,firmable
Logiqc,Brisbane,IT - Software,https://logiqc.com.au/,logiqc,https://www.linkedin.com/company/logiqc/,5.0,firmable
LunaCare,Sydney,Healthcare,https://lunacare.com.au/,lunacare,https://www.linkedin.com/company/lunacare/,8.0,firmable
M. Brodribb,Melbourne,Manufacturing,https://www.brodribb.com.au/,m-brodribb-pty-ltd,https://www.linkedin.com/company/m-brodribb-pty-ltd/,20.0,firmable
MAC Surgical,Sydney,Healthcare,https://www.macsurgical.com.au/,mac-surgical,https://www.linkedin.com/company/mac-surgical/,,firmable
MEDirect,Sydney,IT - Software,https://www.medirect.com.au/,medirect-australia,https://www.linkedin.com/company/medirect-australia/,27.0,firmable
MJK Automation,Melbourne,Wholesale trade,https://www.mjkautomation.com/,mjk-automation,https://www.linkedin.com/company/mjk-automation/,4.0,firmable
MP Orthodontics,Melbourne,Healthcare,https://www.mportho.com.au/,mportho,https://www.linkedin.com/company/mportho/,,firmable
MSJ Australia,Brisbane,Healthcare,https://msjaustralia.com.au/,msjaustralia,https://www.linkedin.com/company/msjaustralia/,7.0,firmable
MTA Energy,Sydney,IT - Software,https://www.mtaenergy.com/,mta-energy,https://www.linkedin.com/company/mta-energy/,9.0,firmable
MYSKILLSmanager,New South Wales,IT - Software,https://myskillsmanager.com/,myskillsmanager,https://www.linkedin.com/company/myskillsmanager/,10.0,firmable
MachShip,Melbourne,IT - Software,https://machship.com/,machship,https://www.linkedin.com/company/machship/,40.0,firmable
Macutex,Melbourne,"Services - professional, scientific, and technical",https://www.macutex.com/,macutex-pty-ltd,https://www.linkedin.com/company/macutex-pty-ltd/,13.0,firmable
Magnum Australia,Melbourne,Manufacturing,https://www.magnumaustralia.com/,magnum-australia,https://www.linkedin.com/company/magnum-australia/,23.0,firmable
Mak Water,Perth,"Services - professional, scientific, and technical",https://www.makwater.com.au/,mak-water,https://www.linkedin.com/company/mak-water/,130.0,firmable
Manage My Health,Auckland,IT - Software,https://managemyhealth.co.nz/,managemyhealth,https://www.linkedin.com/company/managemyhealth/,,serp
Manse Medical,Victoria,Healthcare,https://www.mansemedical.com.au/,manse-medical,https://www.linkedin.com/company/manse-medical/,15.0,firmable
Marcem Australia,Perth,Services - other,https://marcem.com.au/,marcem-australia,https://www.linkedin.com/company/marcem-australia/,,firmable
Margin Fuel,Wellington,IT - Software,https://www.marginfuel.com/,marginfuel,https://www.linkedin.com/company/marginfuel/,20.0,firmable
Markerry Industries,Melbourne,Manufacturing,https://mki.com.au/,markerry-industries,https://www.linkedin.com/company/markerry-industries/,10.0,firmable
Masters & Young,Brisbane,Manufacturing,https://masters-young.com.au/,masters-&-young-pty-ltd,https://www.linkedin.com/company/masters-&-young-pty-ltd/,,firmable
MaxSoft Group,Gold Coast,IT - Software,https://www.maxsoft.com.au/,maxsoft,https://www.linkedin.com/company/maxsoft/,,firmable
Mcfarlane Medical Equipment,Sydney,Healthcare,https://mcfarlanemedical.com.au/?srsltid=AfmBOorrQmVjaqwBp_U9jLIln1fTc7GX3n3c0f4dXIFhbkYhFY5ABFw7,mcfarlane-medical-scientific-pty-ltd,https://www.linkedin.com/company/mcfarlane-medical-scientific-pty-ltd/,20.0,firmable
Medcast,Sydney,Education,https://medcast.com.au/,medcast-pty-ltd,https://www.linkedin.com/company/medcast-pty-ltd/,11.0,firmable
MediWest Distributors,Perth,Healthcare,https://www.mediwestdistributors.com.au/,mediwest-distributors,https://www.linkedin.com/company/mediwest-distributors/,,firmable
Medical Billing Experts,Brisbane,"Services - professional, scientific, and technical",https://www.medicalbillingservices.com.au/,medical-billing-experts,https://www.linkedin.com/company/medical-billing-experts/,30.0,firmable
Medilogic,Sydney,Healthcare,https://medilogic.com.au/?srsltid=AfmBOor3dRps8hKG7tjOuCZrPsTKoDPhwVGqevFrmU5BVebYblZJCkVf,medilogic-australia,https://www.linkedin.com/company/medilogic-australia/,27.0,firmable
Medpro Finance,Sydney,Finance and insurance,https://medprofinance.com.au/,medpro-finance-corporation,https://www.linkedin.com/company/medpro-finance-corporation/,17.0,firmable
Melbourne Institute of Plastic Surgery,Melbourne,Healthcare,https://www.melbplastsurg.com/,melbourne-institute-of-plastic-surgery,https://www.linkedin.com/company/melbourne-institute-of-plastic-surgery/,100.0,firmable
Menai Orthodontics,Sydney,Healthcare,https://menaiortho.com.au/,menai-orthodontics,https://www.linkedin.com/company/menai-orthodontics/,,firmable
Mermed Australia,Sydney,Healthcare,https://mermed.com.au/,mermed,https://www.linkedin.com/company/mermed/,12.0,firmable
Meshed Group,Sydney,IT - Software,https://www.meshedgroup.com.au/,meshed-group,https://www.linkedin.com/company/meshed-group/,50.0,firmable
Metromatics,Brisbane,Manufacturing,https://metromatics.com.au/,metromatics-pty-ltd,https://www.linkedin.com/company/metromatics-pty-ltd/,25.0,firmable
Metropolis,Melbourne,IT - Software,https://www.metropolisevents.com.au/,metropolisevents,https://www.linkedin.com/company/metropolisevents/,23.0,firmable
Micro Image,Melbourne,IT - Software,https://www.microimage.com.au/,micro-image,https://www.linkedin.com/company/micro-image/,24.0,firmable
MicroBIM,Sydney,IT - Software,https://www.microbim.com/,microbimfire,https://www.linkedin.com/company/microbimfire/,5.0,firmable
MineARC Systems,Perth,Manufacturing,https://minearc.com/,minearcsystems,https://www.linkedin.com/company/minearcsystems/,180.0,firmable
Mirus Australia,Sydney,IT - Software,https://www.mirusaustralia.com/,mirus-australia,https://www.linkedin.com/company/mirus-australia/,11.0,firmable
MitchCap,Sydney,Finance and insurance,https://mitchcap.com.au/,mitchcap,https://www.linkedin.com/company/mitchcap/,20.0,firmable
Modelve,Melbourne,IT - Software,https://www.modelve.com/,modelve,https://www.linkedin.com/company/modelve/,15.0,firmable
Modeus,Melbourne,IT - Software,https://www.modeus.co/,modeus,https://www.linkedin.com/company/modeus/,19.0,firmable
Momentum Systems,Melbourne,IT - Software,https://www.momentumsystems.com.au/,momentum-systems,https://www.linkedin.com/company/momentum-systems/,0.0,firmable
Moneycatcha,Perth,IT - Software,https://www.moneycatcha.com/,moneycatcha-pty-ltd,https://www.linkedin.com/company/moneycatcha-pty-ltd/,12.0,firmable
Monitum / Kurloo,Brisbane,IT - Software,https://www.monitum.com.au/,monitum-pty-ltd,https://www.linkedin.com/company/monitum-pty-ltd/,10.0,firmable
Mortgage Ezy,Melbourne,Finance and insurance,https://www.mezy.com.au/,mortgage-ezy-pty-ltd,https://www.linkedin.com/company/mortgage-ezy-pty-ltd/,,firmable
Mote,Auckland,"Services - professional, scientific, and technical",https://mote.io/about,mote-ltd,https://www.linkedin.com/company/mote-ltd/,,firmable
Motherwell Automation,Perth,"Services - professional, scientific, and technical",https://www.motherwell.net.au/,motherwell-automation,https://www.linkedin.com/company/motherwell-automation/,25.0,firmable
MotorPlatform,Sydney,IT - Software,https://www.motorplatform.com.au/,motorplatform-au,https://www.linkedin.com/company/motorplatform-au/,18.0,firmable
Mount Waverley Orthodontics,Melbourne,Healthcare,https://www.mwo.com.au/,mount-waverley-dental,https://www.linkedin.com/company/mount-waverley-dental/,,serp
Muli Management,Adelaide,IT - Software,https://muli.com.au/,muli,https://www.linkedin.com/company/muli/,11.0,firmable
My Business App / Engagement Hub,Sydney,IT - Software,https://mybusinessapp.com.au/,my-business-app-pty-ltd,https://www.linkedin.com/company/my-business-app-pty-ltd/,4.0,firmable
My Support My Way,Adelaide,Healthcare,https://www.mysupportmyway.com.au/,mysupportmyway,https://www.linkedin.com/company/mysupportmyway/,10.0,firmable
My Weight Loss Clinic,Brisbane,Healthcare,https://abr.business.gov.au/ABN/View?id=80652153869,my-weight-loss-clinic,https://www.linkedin.com/company/my-weight-loss-clinic/,28.0,serp
MyHR,Auckland,IT - Software,https://www.myhr.works/au,myhr,https://www.linkedin.com/company/myhr/,74.0,firmable
MyMahi,New Zealand,IT - Software,https://mymahi.com/,mymahi,https://www.linkedin.com/company/mymahi/,16.0,firmable
MyPass Global,Perth,IT - Software,https://www.mypassglobal.com/,mypass-global,https://www.linkedin.com/company/mypass-global/,24.0,firmable
MyTreasur-e,Sydney,IT - Software,https://mytreasur-e.com/,mytreasur-e,https://www.linkedin.com/company/mytreasur-e/,10.0,firmable
Mybudget.com.au,Adelaide,Finance and insurance,https://www.mybudget.com.au/,mybudget,https://www.linkedin.com/company/mybudget/,,firmable
NAW Controls,Melbourne,Wholesale trade,https://www.nawcontrols.com.au/,n-a-w-controlsthomastown,https://www.linkedin.com/company/n-a-w-controlsthomastown/,,firmable
NQRY,Adelaide,IT - Software,https://www.nqry.com.au/,nqry,https://www.linkedin.com/company/nqry/,18.0,firmable
National Property Group,Sydney,IT - Software,https://nationalpropertygroup.com.au/,national-property-group-aus,https://www.linkedin.com/company/national-property-group-aus/,,firmable
Natural Power Solutions,Melbourne,IT - Hardware,https://nps.com.au/,natural-power-solutions-pty-ltd,https://www.linkedin.com/company/natural-power-solutions-pty-ltd/,25.0,firmable
Navia,Melbourne,IT - Software,https://naviafreight.com/,naviafreight,https://www.linkedin.com/company/naviafreight/,140.0,firmable
Netlogix,Auckland,Services - other,https://www.netlogixgroup.com/,netlogix-group,https://www.linkedin.com/company/netlogix-group/,,firmable
Neurocom,Sydney,IT - Software,http://www.neurocom.com.au/,neurocom-group,https://www.linkedin.com/company/neurocom-group/,55.0,firmable
New Zealand Micrographic Services / Recollect,Wellington,IT - Software,https://www.micrographics.co.nz/wellington-city-council-archives/,new-zealand-micrographic-services-ltd,https://www.linkedin.com/company/new-zealand-micrographic-services-ltd/,34.0,serp
Newcastle Weighing Services,New South Wales,Manufacturing,https://nuweigh.com.au/,nws-nuweigh,https://www.linkedin.com/company/nws-nuweigh/,50.0,firmable
NextMinute,Auckland,IT - Software,https://www.nextminute.com/au/company/contact,nextminute,https://www.linkedin.com/company/nextminute/,10.0,firmable
Nextt,Sydney,Healthcare,https://nextt.com.au/,nextt-group,https://www.linkedin.com/company/nextt-group/,,firmable
Niche Education Group,Perth,Education,https://www.nicheeducation.edu.au/,niche-education-group-pty-ltd,https://www.linkedin.com/company/niche-education-group-pty-ltd/,50.0,firmable
Nimblic / Medtasker,Melbourne,IT - Software,https://medtasker.com/,medtasker,https://www.linkedin.com/company/medtasker/,18.0,firmable
Nimo Industries,Melbourne,IT - Software,https://nimoindustries.com/,nimoindustries,https://www.linkedin.com/company/nimoindustries/,16.0,firmable
Noremak Industries,Adelaide,Wholesale trade,https://www.noremak.com.au/,noremak-industries,https://www.linkedin.com/company/noremak-industries/,,firmable
North Sydney Dermatology,Sydney,Healthcare,https://dermatologynorthsydney.com.au/,northern-sydney-dermatology,https://www.linkedin.com/company/northern-sydney-dermatology/,,serp
Noted,Wellington,IT - Software,https://noted.com/,noted-ltd,https://www.linkedin.com/company/noted-ltd/,16.0,firmable
Nova Biomedical,Gold Coast,Healthcare,https://www.novabiomedical.com.au/,nova-biomedical-australia,https://www.linkedin.com/company/nova-biomedical-australia/,15.0,firmable
NovoPsych,Melbourne,IT - Software,https://novopsych.com/,novopsych,https://www.linkedin.com/company/novopsych/,5.0,firmable
Nueva Solutions,Sydney,"Services - professional, scientific, and technical",https://nuevasolutions.com/,nuevasolutions,https://www.linkedin.com/company/nuevasolutions/,20.0,firmable
OHSA Occupational Health Services Australia,Gold Coast,Education,https://www.ohsa.com.au/?srsltid=AfmBOorBPKq3g5m2asbP2iLmFzuMrf2oHHb7wRUELNFWQjD8jlmyIAWu,ohsa-occupational-health-services-australia,https://www.linkedin.com/company/ohsa-occupational-health-services-australia/,10.0,firmable
OLT,New Zealand,IT - Software,https://www.getoltered.com/,olt-limited,https://www.linkedin.com/company/olt-limited/,,serp
OSCAR Care Group,Melbourne,Education,https://www.oscarcaregroup.com.au/,oscarcaregroup,https://www.linkedin.com/company/oscarcaregroup/,16.0,firmable
OST / CouncilFirst,Adelaide,IT - Software,https://councilfirst.com.au/,councilfirst,https://www.linkedin.com/company/councilfirst/,30.0,firmable
OWNA,Sydney,IT - Software,https://owna.com.au/,owna,https://www.linkedin.com/company/owna/,31.0,firmable
OZEDI,Melbourne,IT - Software,https://ozedi.com.au/,ozedi,https://www.linkedin.com/company/ozedi/,11.0,firmable
Objective3D,Melbourne,Wholesale trade,https://www.objective3d.com.au/,objective-3d-pty-ltd,https://www.linkedin.com/company/objective-3d-pty-ltd/,11.0,firmable
Obsidian Data,Sydney,IT - Software,https://www.obsidiansecurity.com/,obsidiansecurity,https://www.linkedin.com/company/obsidiansecurity/,3.0,firmable
Oho,Melbourne,IT - Software,https://www.weareoho.com/,weareoho,https://www.linkedin.com/company/weareoho/,17.0,firmable
Olinqua,Melbourne,IT - Software,https://olinqua.com/,olinqua,https://www.linkedin.com/company/olinqua/,30.0,firmable
On Site Gas Systems,Sydney,Manufacturing,https://www.onsitegas.com.au/,on-site-gas-systems-australia,https://www.linkedin.com/company/on-site-gas-systems-australia/,20.0,firmable
OnTracka,Sydney,IT - Software,https://www.ontracka.com/,ontracka,https://www.linkedin.com/company/ontracka/,4.0,firmable
One Stop Allied Health & Medical Centre and Allied Health Partnerships,Sydney,"Services - professional, scientific, and technical",https://alliedhealthpartnerships.com.au/,allied-health-partnerships,https://www.linkedin.com/company/allied-health-partnerships/,63.0,firmable
OneAlpha,Melbourne,IT - Software,https://onealphatech.com/onealphas-software-rising-to-industry-challenges/,onealphatechnologies,https://www.linkedin.com/company/onealphatechnologies/,11.0,firmable
OneLaw,New Zealand,IT - Software,https://www.onelaw.co.nz/,onelaw-limited,https://www.linkedin.com/company/onelaw-limited/,13.0,serp
OneVault,Adelaide,IT - Software,https://onevault.net.au/,onevaultsoftware,https://www.linkedin.com/company/onevaultsoftware/,0.0,firmable
OneWiFi,Sydney,IT - Software,https://www.onewifi.com.au/,onewifiau,https://www.linkedin.com/company/onewifiau/,25.0,firmable
Ontoto,New South Wales,IT - Software,https://ontoto.com/,ontoto-pty-ltd,https://www.linkedin.com/company/ontoto-pty-ltd/,29.0,firmable
Opturion,Melbourne,IT - Software,https://www.opturion.com/,opturion,https://www.linkedin.com/company/opturion/,9.0,firmable
Oreta,Melbourne,"Services - professional, scientific, and technical",https://oreta.com.au/,oreta,https://www.linkedin.com/company/oreta/,,firmable
Orontide,Perth,"Services - professional, scientific, and technical",https://www.orontide.com.au/,orontide-group-limited,https://www.linkedin.com/company/orontide-group-limited/,350.0,firmable
OrthodontiX,New Zealand,Healthcare,https://www.orthodontix.co.nz/,peak-orthodontics,https://www.linkedin.com/company/peak-orthodontics/,,serp
Osler Technology,Sunshine Coast,IT - Software,https://www.oslertechnology.com/about,osler-technology,https://www.linkedin.com/company/osler-technology/,7.0,firmable
OzGreen Energy / TracWater,Gold Coast,Services - other,https://www.ozgreenenergy.com.au/,ozgreen-energy-pty-ltd,https://www.linkedin.com/company/ozgreen-energy-pty-ltd/,5.0,firmable
Oztech,Sydney,"Services - professional, scientific, and technical",https://oztech.com.au/,oztech-solutions,https://www.linkedin.com/company/oztech-solutions/,17.0,firmable
P2P Agri,Adelaide,IT - Software,https://p2pagri.com.au/,p2pagri-p-l,https://www.linkedin.com/company/p2pagri-p-l/,,firmable
PEC,New Zealand,Manufacturing,https://www.pec.co.nz/,pec-limited-nz,https://www.linkedin.com/company/pec-limited-nz/,34.0,firmable
PIAGO,Brisbane,IT - Software,https://www.piaggio.com/au_EN/,piago,https://www.linkedin.com/company/piago/,9.0,serp
PKF,Newcastle,"Services - professional, scientific, and technical",https://www.pkf.com.au/locations/newcastle/,pkf-australia,https://www.linkedin.com/company/pkf-australia/,300.0,firmable
PNORS Technology Group,Melbourne,IT - Software,https://www.pnors.com/,pnors-technology-group,https://www.linkedin.com/company/pnors-technology-group/,15.0,firmable
PPB Technology,Canberra,"Services - professional, scientific, and technical",https://ppbtechnology.com.au/,ppb-technology-pty-ltd,https://www.linkedin.com/company/ppb-technology-pty-ltd/,,firmable
PRIME BPM,Brisbane,IT - Software,https://www.primebpm.com/,primebpm,https://www.linkedin.com/company/primebpm/,5.0,firmable
PX4 Software,Brisbane,IT - Software,https://px4software.com/,px4-software,https://www.linkedin.com/company/px4-software/,29.0,firmable
Pace Health Management,Melbourne,"Services - professional, scientific, and technical",https://www.pacehm.com.au/,pace-health-management,https://www.linkedin.com/company/pace-health-management/,100.0,firmable
Pacific Data Systems,Brisbane,Retail trade,https://www.pacdatasys.com.au/,pacific-data-systems-australia,https://www.linkedin.com/company/pacific-data-systems-australia/,12.0,firmable
Paradyn Systems,Melbourne,IT - Software,https://www.paradynsystems.com/en/index.html,paradyn-systems,https://www.linkedin.com/company/paradyn-systems/,4.0,firmable
Parker Healthcare,Melbourne,Healthcare,https://www.parkerhealth.com.au/hospital/pages/about-parker,parker-healthcare,https://www.linkedin.com/company/parker-healthcare/,90.0,firmable
Pasonica,Sydney,Healthcare,https://www.pasonica.com.au/,pasonica-medical,https://www.linkedin.com/company/pasonica-medical/,0.0,firmable
Passing Paws Pet Cremations,Perth,"Services - professional, scientific, and technical",https://passingpaws.com.au/,passing-paws-pet-cremations,https://www.linkedin.com/company/passing-paws-pet-cremations/,15.0,firmable
Passport 360,Brisbane,IT - Software,https://www.passport360.com/,passport360,https://www.linkedin.com/company/passport360/,30.0,firmable
Pastiche Training,New Zealand,Education,https://www.pastiche-training.com/,pastiche-resources-ltd,https://www.linkedin.com/company/pastiche-resources-ltd/,8.0,serp
Pay's Air Service,NSW,"Services - professional, scientific, and technical",https://paysairservice.com.au/,pay-s-aviation,https://www.linkedin.com/company/pay-s-aviation/,13.0,firmable
Payroll Standard,Brisbane,IT - Software,https://payrollstandard.org,payroll-standard,https://www.linkedin.com/company/payroll-standard/,6.0,firmable
Peak Fibre,Sydney,Wholesale trade,https://peakfibre.com.au/?srsltid=AfmBOorweBtZ7-VQCbk-oCah2z-EREQBci9op1gQtJim-tBQuhpD398Q,peak-fibre,https://www.linkedin.com/company/peak-fibre/,,firmable
Peak Software,New Zealand,IT - Software,https://www.peaksoftware.nz/,peak-apm-limited,https://www.linkedin.com/company/peak-apm-limited/,,serp
Pebl,Sydney,Finance and insurance,https://www.peblpay.com.au/about-us,hellopebl,https://www.linkedin.com/company/hellopebl/,4.0,serp
Peclet Technology,Sydney,IT - Software,https://peclet.com.au/,peclet-technology,https://www.linkedin.com/company/peclet-technology/,10.0,firmable
Pen CS,Sydney,IT - Software,https://www.pencs.com.au/,pencs,https://www.linkedin.com/company/pencs/,20.0,firmable
People Diagnostix,Perth,Education,https://www.flourishingatschool.com/termsofservice,people-diagnostix,https://www.linkedin.com/company/people-diagnostix/,,serp
PeopleTray,Perth,IT - Software,https://www.peopletray.com/,peopletray,https://www.linkedin.com/company/peopletray/,8.0,firmable
Personify Care,Adelaide,IT - Software,https://personifycare.com/,personify-care,https://www.linkedin.com/company/personify-care/,15.0,firmable
Perth Dermatology Clinic,Perth,Healthcare,https://www.perthdermatologyclinic.com.au/,perth-dermatology-clinic,https://www.linkedin.com/company/perth-dermatology-clinic/,6.0,firmable
PharmSky Research,Melbourne,"Services - professional, scientific, and technical",https://www.pharmsky.com.au/,pharmsky-research,https://www.linkedin.com/company/pharmsky-research/,23.0,firmable
PharmaNZ,New Zealand,Manufacturing,https://pharmanz.com/,pharmanz,https://www.linkedin.com/company/pharmanz/,30.0,serp
Phenix Health,Brisbane,IT - Software,https://phenixhealth.com.au/,phenix-health-pty-ltd,https://www.linkedin.com/company/phenix-health-pty-ltd/,30.0,firmable
Phinar Software,Perth,IT - Software,https://www.phinarsoftware.com/contact/,phinarsoftware,https://www.linkedin.com/company/phinarsoftware/,,firmable
Pingar,Auckland,IT - Software,https://www.pingar.com/home,pingar,https://www.linkedin.com/company/pingar/,14.0,serp
Place Intelligence,Melbourne,"Services - professional, scientific, and technical",https://placeintelligence.ai/,place-intelligence,https://www.linkedin.com/company/place-intelligence/,15.0,firmable
Platform for Care,Melbourne,IT - Software,https://platformforcare.com/,platform-for-care,https://www.linkedin.com/company/platform-for-care/,,firmable
Platinum Healthcare,Perth,Healthcare,https://platinumhealthcare.com.au/,platinum-healthcare-group,https://www.linkedin.com/company/platinum-healthcare-group/,30.0,firmable
Platinum Orthodontics,Brisbane,Healthcare,https://platinumorthodontics.com.au/,platinum-orthodontics,https://www.linkedin.com/company/platinum-orthodontics/,,firmable
Pointsbuild,Sydney,Education,https://pointsbuild.com.au/,pointsbuild,https://www.linkedin.com/company/pointsbuild/,15.0,firmable
Polymorphic Solutions / ChilliDB,Brisbane,IT - Software,https://www.chillidb.com/polymorphicsolutions,chillidb,https://www.linkedin.com/company/chillidb/,11.0,firmable
Pooltrackr,Sydney,IT - Software,https://pooltrackr.com/,pooltrackr,https://www.linkedin.com/company/pooltrackr/,4.0,firmable
Posimente,Sydney,IT - Software,https://posimente.com/#about-us,posimente,https://www.linkedin.com/company/posimente/,29.0,firmable
Potentiality,Melbourne,IT - Software,https://ptly.com/,potentiality,https://www.linkedin.com/company/potentiality/,7.0,firmable
Power On Australia,Queensland,"Services - professional, scientific, and technical",https://poweronaustralia.com.au/,power-on-australia-pty-ltd,https://www.linkedin.com/company/power-on-australia-pty-ltd/,15.0,firmable
PowerSync Technologies,Sydney,IT - Software,https://www.powersync.com.au/,powersync-technologies,https://www.linkedin.com/company/powersync-technologies/,29.0,firmable
Practice Master,Sydney,IT - Software,https://practicemaster.com.au/,master-apps,https://www.linkedin.com/company/master-apps/,4.0,serp
Precision Farming,New Zealand,IT - Software,https://www.precisionfarming.co.nz/,precision-farming-nz,https://www.linkedin.com/company/precision-farming-nz/,9.0,serp
Premier Contact Point,Melbourne,IT - Software,https://premiercontactpoint.com/,premier-contact-point,https://www.linkedin.com/company/premier-contact-point/,24.0,firmable
Premier Data,Melbourne,IT - Software,https://premierdata.com.au/about-us/,premier-data,https://www.linkedin.com/company/premier-data/,83.0,firmable
Previso,Perth,IT - Software,https://www.preqin.com/data/profile/asset/previso-software-pty-ltd/413767,preqin,https://www.linkedin.com/company/preqin/,,firmable
PrioriAnalytica,Adelaide,"Services - professional, scientific, and technical",https://www.priorianalytica.com/,priorianalytica,https://www.linkedin.com/company/priorianalytica/,20.0,firmable
ProSpend,Sydney,Finance and insurance,https://prospend.com/,prospend,https://www.linkedin.com/company/prospend/,23.0,firmable
ProbityPeople,Sydney,IT - Software,https://probitypeople.com.au/,probitypeople,https://www.linkedin.com/company/probitypeople/,11.0,firmable
Propel Learning / The Barber Academy,Gold Coast,Education,https://propellearning.com.au/,propellearning,https://www.linkedin.com/company/propellearning/,29.0,firmable
Prophit Systems,Sydney,IT - Software,https://prophitsystems.com/,prophit-systems,https://www.linkedin.com/company/prophit-systems/,10.0,firmable
Prospecta Utilities,Gold Coast,IT - Software,https://www.prospectautilities.com/,prospecta-utilities,https://www.linkedin.com/company/prospecta-utilities/,36.0,firmable
PsychMed,Adelaide,"Services - professional, scientific, and technical",https://psychmed.com.au/,psychmed,https://www.linkedin.com/company/psychmed/,35.0,firmable
Pumps and Pipeline Services,Newcastle,"Services - professional, scientific, and technical",https://www.pumpsandpipelines.com.au/,pumps-and-pipeline-services,https://www.linkedin.com/company/pumps-and-pipeline-services/,19.0,firmable
Purplebox,Melbourne,IT - Software,https://abr.business.gov.au/ABN/View/46621455089,purplebox,https://www.linkedin.com/company/purplebox/,29.0,serp
Q Academy,Brisbane,Education,https://qacademy.com.au/,q-academy-remedial-and-massage-therapies,https://www.linkedin.com/company/q-academy-remedial-and-massage-therapies/,25.0,firmable
QEST Infrastructure,Victoria,"Services - professional, scientific, and technical",https://qest.net.au/,qest-infrastructure,https://www.linkedin.com/company/qest-infrastructure/,45.0,firmable
QGE Group,Brisbane,IT - Software,https://qge.com.au/,qge-pty-ltd,https://www.linkedin.com/company/qge-pty-ltd/,42.0,firmable
QHSE Integrated Solutions,Adelaide,IT - Software,https://qhse.com.au/,qhse-integrated-solutions-pty-ltd-,https://www.linkedin.com/company/qhse-integrated-solutions-pty-ltd-/,15.0,firmable
QIT Plus,Brisbane,IT - Software,https://www.qitplus.com/,qit-plus,https://www.linkedin.com/company/qit-plus/,19.0,firmable
QLBS,Auckland,IT - Software,https://www.qlbs.com/,qlbs,https://www.linkedin.com/company/qlbs/,14.0,firmable
QTRACA,Auckland,IT - Software,https://www.qtraca.com/,qtraca,https://www.linkedin.com/company/qtraca/,4.0,serp
Quadbeam,Auckland,Manufacturing,https://quadbeam.com/,quadbeam-technologies,https://www.linkedin.com/company/quadbeam-technologies/,5.0,serp
Quality Lifestyle Support,Queensland,Healthcare,https://www.qualitylifestylesupport.com/,quality-lifestyle-support-pty-ltd,https://www.linkedin.com/company/quality-lifestyle-support-pty-ltd/,157.0,firmable
Quality Practice Accreditation,New South Wales,"Services - professional, scientific, and technical",https://www.qpa.health/,quality-practice-accreditation,https://www.linkedin.com/company/quality-practice-accreditation/,100.0,firmable
Quality Systems Toolbox,Queensland,IT - Software,https://www.qualitysystems.com/,quality-systems-toolbox,https://www.linkedin.com/company/quality-systems-toolbox/,3.0,firmable
Quasar Systems,New Zealand,IT - Software,https://www.quasar.co.nz/,quasarnz,https://www.linkedin.com/company/quasarnz/,12.0,serp
QuickQuote,Auckland,IT - Software,https://quickquote.nz/,quick-quote.com,https://www.linkedin.com/company/quick-quote.com/,,serp
RICADO,New Zealand,IT - Software,https://www.ricado.co.nz/,ricado-group,https://www.linkedin.com/company/ricado-group/,9.0,serp
RMS Utilities,Melbourne,Utilities,https://rmsutilities.com.au/about-rms-utilities/,rmsutilities,https://www.linkedin.com/company/rmsutilities/,20.0,firmable
Rail Technology International,Victoria,Manufacturing,https://rti-group.com/,rail-technology-international,https://www.linkedin.com/company/rail-technology-international/,40.0,firmable
Rauland Healthcare,Sydney,IT - Software,https://rauland.com.au/,rauland-australia,https://www.linkedin.com/company/rauland-australia/,,firmable
RaveBuild,New Zealand,IT - Software,https://www.ravebuild.co.nz/,rave-build,https://www.linkedin.com/company/rave-build/,10.0,serp
Raymax Lasers,Sydney,Retail trade,https://www.raymax.com.au/,raymax-applications-pty-limited,https://www.linkedin.com/company/raymax-applications-pty-limited/,,firmable
Rayven,Sydney,IT - Software,https://www.rayven.io/,rayveniot,https://www.linkedin.com/company/rayveniot/,6.0,firmable
Real Time Traffic,Melbourne,Transport,https://www.realtimetraffic.com.au/,real-time-traffic,https://www.linkedin.com/company/real-time-traffic/,32.0,firmable
Recludo,Sydney,Finance and insurance,https://www.recludo.com.au/,recludo-mortgage-broking-services,https://www.linkedin.com/company/recludo-mortgage-broking-services/,,firmable
Recovery Partners,Sydney,"Services - professional, scientific, and technical",https://www.rrp.com.au/,recovery-partners,https://www.linkedin.com/company/recovery-partners/,74.0,firmable
Red Rock Software / Rapid Crews,Perth,IT - Software,https://rapidcrews.com/,rapidcrews,https://www.linkedin.com/company/rapidcrews/,5.0,firmable
Redenlab,Melbourne,IT - Software,https://redenlab.com/,redenlab,https://www.linkedin.com/company/redenlab/,21.0,firmable
Redman Solutions,Brisbane,"Services - professional, scientific, and technical",https://www.redmansolutions.com.au/,redman-solutions,https://www.linkedin.com/company/redman-solutions/,10.0,firmable
Referoo,Sydney,IT - Software,https://www.referoo.com/,referoo,https://www.linkedin.com/company/referoo/,29.0,firmable
Regional EnviroScience,Sydney,"Services - professional, scientific, and technical",https://enviroscience.com.au/,regional-enviroscience,https://www.linkedin.com/company/regional-enviroscience/,,firmable
Relegen,Sydney,IT - Software,https://www.relegen.com/,relegen,https://www.linkedin.com/company/relegen/,20.0,firmable
Rely,Melbourne,IT - Software,https://relyplatform.com/,relyplatform,https://www.linkedin.com/company/relyplatform/,12.0,firmable
Rental Car Manager,Queensland,IT - Software,https://www.rentalcarmanager.com/,rental-car-manager,https://www.linkedin.com/company/rental-car-manager/,12.0,firmable
Renteca,Brisbane,Finance and insurance,https://renteca.com.au/,renteca,https://www.linkedin.com/company/renteca/,,firmable
Reposit Power,Canberra,IT - Hardware,https://repositpower.com/,repositpower,https://www.linkedin.com/company/repositpower/,,firmable
Resolutions,Brisbane,IT - Software,https://resolutionsint.com/,resolutions-int,https://www.linkedin.com/company/resolutions-int/,30.0,firmable
Respirico Healthcare,Adelaide,Healthcare,https://respirico.com.au/,respirico,https://www.linkedin.com/company/respirico/,8.0,firmable
Resurg,Sydney,"Services - professional, scientific, and technical",https://www.resurg.com.au/,resurg-group,https://www.linkedin.com/company/resurg-group/,20.0,firmable
Revex,Melbourne,IT - Software,https://revex.net.au/,revex-solutions,https://www.linkedin.com/company/revex-solutions/,9.0,firmable
Revo Group,Brisbane,"Services - professional, scientific, and technical",https://revogroupau.com/,revogroupltd,https://www.linkedin.com/company/revogroupltd/,20.0,firmable
RewardCo Cloud,Sydney,IT - Software,https://rewardco.com/company/,rewardco,https://www.linkedin.com/company/rewardco/,4.0,firmable
Rinstrum,Queensland,Manufacturing,https://www.rinstrum.com/,rinstrum,https://www.linkedin.com/company/rinstrum/,164.0,firmable
RipeGlobal,Queensland,IT - Software,https://www.ripeglobal.com/,ripeglobal,https://www.linkedin.com/company/ripeglobal/,,firmable
Risk Mentor,Brisbane,IT - Software,https://riskmentor.com.au/about-us/,risk-mentor,https://www.linkedin.com/company/risk-mentor/,6.0,firmable
RiskClear,Perth,IT - Software,https://riskclear.com.au/,riskclear,https://www.linkedin.com/company/riskclear/,3.0,firmable
RiskTalk,Perth,IT - Software,https://risktalk.com.au/,risktalk-ltd,https://www.linkedin.com/company/risktalk-ltd/,,firmable
Rockfield Technologies,Queensland,"Services - professional, scientific, and technical",https://rocktech.com.au/,rockfield-technologies-australia-pty-ltd,https://www.linkedin.com/company/rockfield-technologies-australia-pty-ltd/,50.0,firmable
Rocks Gone,Perth,Manufacturing,https://rocksgone.com.au/,rocksgone,https://www.linkedin.com/company/rocksgone/,7.0,firmable
RosterElf,Perth,IT - Software,https://www.rosterelf.com/,rosterelf,https://www.linkedin.com/company/rosterelf/,14.0,firmable
Ruth Group,Sydney,Manufacturing,https://store7562511.company.site/,the-ruth-group-inc.,https://www.linkedin.com/company/the-ruth-group-inc./,,serp
RxTro,Sydney,IT - Software,https://au.rxtro.com/,rxtro,https://www.linkedin.com/company/rxtro/,19.0,firmable
SC Medical,Sydney,Healthcare,https://www.scmedical.com.au/,sc-medical-pty-ltd,https://www.linkedin.com/company/sc-medical-pty-ltd/,0.0,firmable
SRO Technology,Queensland,"Services - professional, scientific, and technical",https://www.srotechnology.com/brisbane/,sro-technology,https://www.linkedin.com/company/sro-technology/,170.0,firmable
STEM Punks,Brisbane,Education,https://www.stempunks.com.au/,stempunks,https://www.linkedin.com/company/stempunks/,1000.0,firmable
SWAN Systems,Perth,IT - Software,https://www.swansystems.com/,swan-systems---scheduling-water-&-nutrients,https://www.linkedin.com/company/swan-systems---scheduling-water-&-nutrients/,0.0,firmable
Saber Astronautics,Adelaide,"Services - professional, scientific, and technical",https://www.saberastro.com/,saberastro,https://www.linkedin.com/company/saberastro/,48.0,firmable
Sabre Medical,Sydney,"Services - professional, scientific, and technical",https://sabremedical.com.au/,sabre-medical,https://www.linkedin.com/company/sabre-medical/,18.0,firmable
Safe Ag Systems,Adelaide,IT - Software,https://www.safeagsystems.com/,safe-ag-systems,https://www.linkedin.com/company/safe-ag-systems/,,firmable
Safe365,New Zealand,IT - Software,https://safe365global.com/nz/,safe365,https://www.linkedin.com/company/safe365/,5.0,serp
Safer Places,Melbourne,"Services - professional, scientific, and technical",https://www.saferplaces.com.au/,safer-places-network,https://www.linkedin.com/company/safer-places-network/,,firmable
Saferight,Perth,Education,https://saferight.com.au/,saferight-pty-ltd,https://www.linkedin.com/company/saferight-pty-ltd/,35.0,firmable
Safety Australia Training,Sydney,"Services - professional, scientific, and technical",https://safetyaustraliatraining.com.au/,safety-australia-training-and-consulting,https://www.linkedin.com/company/safety-australia-training-and-consulting/,8.0,firmable
Safety and Apparel,New Zealand,Wholesale trade,https://www.rsea.co.nz/customer-service,safetyandapparelltd,https://www.linkedin.com/company/safetyandapparelltd/,62.0,serp
SafetyIQ,Brisbane,IT - Software,https://www.safetyiq.com/,safetyiq-predictability-at-work,https://www.linkedin.com/company/safetyiq-predictability-at-work/,,firmable
SafetySuite,Melbourne,IT - Software,https://www.safetysuiteglobal.com/,safetysuiteglobal,https://www.linkedin.com/company/safetysuiteglobal/,51.0,firmable
Salestrekker,Sydney,IT - Software,https://salestrekker.com/,salestrekker,https://www.linkedin.com/company/salestrekker/,40.0,firmable
Sandwai,Gold Coast,IT - Software,https://www.sandwai.com.au/,sandwai,https://www.linkedin.com/company/sandwai/,7.0,firmable
Scannable,New Zealand,IT - Software,https://www.scannable.io/?srsltid=AfmBOoqGNgQC972ZFC7QRlyVyt9erhp3opD-LASO2W9nP845fQPQ5T3P,scannable-io,https://www.linkedin.com/company/scannable-io/,27.0,serp
SchoolTV,Sydney,IT - Software,https://schooltv.me/au/,schooltvme,https://www.linkedin.com/company/schooltvme/,,firmable
Scientific Devices Australia,Melbourne,"Services - professional, scientific, and technical",https://scientific-devices.com.au/,scientific-devices-australia-pty-ltd,https://www.linkedin.com/company/scientific-devices-australia-pty-ltd/,9.0,firmable
Scope Healthcare,Melbourne,"Services - professional, scientific, and technical",https://scopehealthcare.com.au/,scopehealthcare,https://www.linkedin.com/company/scopehealthcare/,76.0,firmable
Scott Smith Orthodontics,Tasmania,Healthcare,https://www.scottsmithorthodontics.com.au/,scott-smith-orthodontics,https://www.linkedin.com/company/scott-smith-orthodontics/,,firmable
Seams Systems,Melbourne,IT - Software,https://seamsfashionerp.com.au/,seams-systems-pty-ltd,https://www.linkedin.com/company/seams-systems-pty-ltd/,5.0,serp
SecureCo,Sydney,IT - Software,https://www.secureco.co/,secureco-pty-ltd,https://www.linkedin.com/company/secureco-pty-ltd/,34.0,firmable
Securelogic Solutions,Melbourne,"Services - professional, scientific, and technical",https://www.securelogic.com.au/,securelogic-solutions,https://www.linkedin.com/company/securelogic-solutions/,15.0,firmable
Seekom,Wellington,IT - Software,https://www.seekom.com/,seekom,https://www.linkedin.com/company/seekom/,,serp
Selfco Leasing,Sydney,Finance and insurance,https://selfco.com.au/,selfcoleasing,https://www.linkedin.com/company/selfcoleasing/,8.0,firmable
Sense Medical,Wellington,IT - Software,https://www.sensemedical.co.nz/about.html,sensemedical,https://www.linkedin.com/company/sensemedical/,5.0,serp
Sensor Dynamics,Melbourne,"Services - professional, scientific, and technical",https://sensordynamics.com.au/,sensor-dynamics,https://www.linkedin.com/company/sensor-dynamics/,15.0,firmable
Shakespeare Orthodontics,New Zealand,Healthcare,https://www.shakespeareortho.co.nz/,shakespeareorthodontics,https://www.linkedin.com/company/shakespeareorthodontics/,,serp
Shamrock Industries,New Zealand,Manufacturing,https://www.shamrock.co.nz/,shamrock-industries,https://www.linkedin.com/company/shamrock-industries/,6.0,serp
Shawn's Swim School,Melbourne,Education,https://www.shawnsswimschool.com.au/about-us,shawn's-swim-school,https://www.linkedin.com/company/shawn's-swim-school/,50.0,firmable
Sherlock Software,Central Coast,IT - Software,https://sherlocksoftware.com/,sherlock-software,https://www.linkedin.com/company/sherlock-software/,15.0,firmable
Sherlok,Adelaide,IT - Software,https://www.sherlok.com.au/,sherlok-for-brokers,https://www.linkedin.com/company/sherlok-for-brokers/,20.0,firmable
ShiftLineup / urhere,Sydney,IT - Software,https://urhere.com.au/,urhere-com-au,https://www.linkedin.com/company/urhere-com-au/,18.0,firmable
ShopGrok,Sydney,IT - Software,https://shopgrok.com/,shopgrok,https://www.linkedin.com/company/shopgrok/,,firmable
Shping / Origins trace,Melbourne,IT - Software,https://shping.com/about-us/,shping,https://www.linkedin.com/company/shping/,22.0,firmable
Si Clean Energy,New South Wales,Wholesale trade,https://www.sicleanenergy.com.au/,si-clean-energy-pty-ltd,https://www.linkedin.com/company/si-clean-energy-pty-ltd/,15.0,firmable
Sigma Aerospace,New South Wales,"Services - professional, scientific, and technical",https://sigmaaerospace.com.au/,sigmaaerospace,https://www.linkedin.com/company/sigmaaerospace/,20.0,firmable
Silentium Defence,Adelaide,IT - Software,https://www.silentiumdefence.com.au/,silentium-defence,https://www.linkedin.com/company/silentium-defence/,80.0,firmable
Siles Health,Melbourne,Healthcare,https://sileshealth.com.au/,sileshealth,https://www.linkedin.com/company/sileshealth/,,firmable
Silverband,Melbourne,IT - Software,https://www.silverband.com.au/php/contact_us.php,silverband,https://www.linkedin.com/company/silverband/,5.0,firmable
Simple,Melbourne,IT - Software,https://www.simple.com.au/web-design,simple-integrated-marketing,https://www.linkedin.com/company/simple-integrated-marketing/,24.0,firmable
Sinclair Dermatology,Melbourne,Healthcare,https://www.sinclairdermatology.com.au/,sinclairdermatology,https://www.linkedin.com/company/sinclairdermatology/,,firmable
Skefto,Melbourne,IT - Software,https://skefto.com/,skefto,https://www.linkedin.com/company/skefto/,9.0,firmable
Skilitics,New Zealand,IT - Software,https://www.skilitics.com/,skilitics,https://www.linkedin.com/company/skilitics/,29.0,serp
Skool Loop,New Zealand,IT - Software,https://skoolloop.com,the-skool-loop-app,https://www.linkedin.com/company/the-skool-loop-app/,20.0,firmable
Skyjed,Sydney,IT - Software,https://www.skyjed.com/about-us,skyjed,https://www.linkedin.com/company/skyjed/,0.0,firmable
Skylar Safety,Melbourne,"Services - professional, scientific, and technical",https://skylareducation.edu.au/,skylar-education,https://www.linkedin.com/company/skylar-education/,,firmable
Sleep Life Australia,Perth,Healthcare,https://www.sleeplifeaustralia.com.au/,sleep-life-australia,https://www.linkedin.com/company/sleep-life-australia/,5.0,firmable
Sliqpay / DentiCare,Gold Coast,Finance and insurance,https://denticarepaymentplans.com.au/,denticare-payment-plans,https://www.linkedin.com/company/denticare-payment-plans/,43.0,firmable
Smart Class Systems,Brisbane,IT - Software,https://abr.business.gov.au/ABN/View/24153129563,smart-class-systems,https://www.linkedin.com/company/smart-class-systems/,,serp
SmartMeasures,Melbourne,IT - Software,https://smartmeasures.ai/,smartmeasuresai,https://www.linkedin.com/company/smartmeasuresai/,29.0,firmable
SmartTech Australia,Queensland,"Services - professional, scientific, and technical",https://smarttechaustralia.com.au/,smarttech-australia,https://www.linkedin.com/company/smarttech-australia/,,firmable
SmarterSoft,Sydney,IT - Software,https://www.smartersoft.com.au/,smartersoft,https://www.linkedin.com/company/smartersoft/,8.0,firmable
Snug Health,Hobart,IT - Software,https://www.healthcaresoftware.com.au/SNUG.html,healthcaresoftware,https://www.linkedin.com/company/healthcaresoftware/,11.0,firmable
SoftLabs,Sydney,IT - Software,https://www.softlabs.com.au/,softlabs,https://www.linkedin.com/company/softlabs/,80.0,firmable
Solar Bay,Sydney,Finance and insurance,https://ssar.com.au/,solar-bay,https://www.linkedin.com/company/solar-bay/,,serp
Solutions Plus,Auckland,IT - Software,https://solutionspluspartnership.com.au/,solutions-plus-partnership,https://www.linkedin.com/company/solutions-plus-partnership/,8.0,firmable
SolveXia,Sydney,IT - Software,https://www.solvexia.com/,solvexia-automation,https://www.linkedin.com/company/solvexia-automation/,15.0,firmable
Sound Veterinary,Melbourne,Veterinary,https://soundvet.com.au/,sound-veterinary-equipment,https://www.linkedin.com/company/sound-veterinary-equipment/,,firmable
Sourceit,Melbourne,IT - Software,https://sourceithq.com/,sourceithq,https://www.linkedin.com/company/sourceithq/,29.0,firmable
South Yarra Orthodontics,Melbourne,Healthcare,https://www.syortho.com.au/,south-yarra-orthodontics,https://www.linkedin.com/company/south-yarra-orthodontics/,,firmable
Southeast Orthodontics,Melbourne,Healthcare,https://seortho.com.au/,south-east-orthodontics,https://www.linkedin.com/company/south-east-orthodontics/,,firmable
Spark Finance,Sydney,Finance and insurance,https://sparkfinance.com.au/,spark-finance-1,https://www.linkedin.com/company/spark-finance-1/,4.0,firmable
Spatial Hub Analytics,Australia,IT - Software,https://resource.geospatialworld.net/company/spatial-hub-analytics,spatial-hub-analytics,https://www.linkedin.com/company/spatial-hub-analytics/,,serp
Spriggy,Sydney,IT - Software,https://www.spriggy.com.au/?srsltid=AfmBOoqb-A4IG2B_KZC2IjRGGlhzpGS6tbNfjPQh3Iq8ayJVfTxRFhik,spriggyau,https://www.linkedin.com/company/spriggyau/,,firmable
St Marks Breast Centre,Auckland,"Services - professional, scientific, and technical",https://smwh.co.nz/,st-marks-group-ltd,https://www.linkedin.com/company/st-marks-group-ltd/,48.0,serp
StaplesVR,Auckland,Education,https://www.staplesvr.com/,staplesvr,https://www.linkedin.com/company/staplesvr/,9.0,firmable
Star Delta,Sydney,Manufacturing,https://stardelta.com.au/,star-delta-pty-ltd,https://www.linkedin.com/company/star-delta-pty-ltd/,18.0,firmable
Starting Blocks Pool,Sydney,Education,https://www.anti.to/,starting-blocks-swim-school,https://www.linkedin.com/company/starting-blocks-swim-school/,6.0,serp
Stash Property,Sydney,IT - Software,https://www.stashproperty.com.au/,stash-property,https://www.linkedin.com/company/stash-property/,16.0,firmable
Stat Health Systems,Brisbane,IT - Software,https://stathealth.com.au/,stat-health-systems-aust-,https://www.linkedin.com/company/stat-health-systems-aust-/,7.0,firmable
State Medical Assistance,New South Wales,"Services - professional, scientific, and technical",https://www.statemedicalassistance.com.au/,state-medical-assistance,https://www.linkedin.com/company/state-medical-assistance/,200.0,firmable
State Swim,Perth,Education,https://www.stateswim.com.au/,state-swim,https://www.linkedin.com/company/state-swim/,300.0,firmable
Statewide Bearings,Perth,"Services - professional, scientific, and technical",https://www.statewidebearings.com.au/,statewide-bearings,https://www.linkedin.com/company/statewide-bearings/,500.0,firmable
Strack,Sydney,IT - Software,https://strack.com.au/,strackau,https://www.linkedin.com/company/strackau/,2.0,firmable
Strategi Institute,Auckland,Education,https://strategi.ac.nz/,strategi-limited,https://www.linkedin.com/company/strategi-limited/,16.0,serp
StretchSense,Auckland,"Services - professional, scientific, and technical",https://stretchsense.com/,stretchsense,https://www.linkedin.com/company/stretchsense/,,firmable
Stropro,Sydney,IT - Software,https://www.stropro.com/about-us/about-1,stropro,https://www.linkedin.com/company/stropro/,,firmable
Supply Partners / New Energy Training,Brisbane,Education,https://newenergytraining.com.au/,new-energy-training,https://www.linkedin.com/company/new-energy-training/,12.0,firmable
Supply'd,Melbourne,IT - Software,https://supplyd.co/,supply-d,https://www.linkedin.com/company/supply-d/,3.0,firmable
Supported Care,Brisbane,Healthcare,https://supportedcare.au/,supported-care,https://www.linkedin.com/company/supported-care/,180.0,serp
SupporterHub,Sydney,IT - Software,https://supporterhub.com/,supporter-hub,https://www.linkedin.com/company/supporter-hub/,15.0,firmable
Sure Power,Brisbane,"Services - professional, scientific, and technical",https://surepower.com.au/?srsltid=AfmBOoqeAD95XawevaLdEszIw9crdKRRyU8IruShoPoHCVGVpEXoa0Dd,sure-power-aus,https://www.linkedin.com/company/sure-power-aus/,23.0,firmable
SureCity Networks,Melbourne,"Services - professional, scientific, and technical",https://www.surecitynetworks.com/,surecity-networks,https://www.linkedin.com/company/surecity-networks/,19.0,firmable
Sustainable Platform,Perth,"Services - professional, scientific, and technical",https://sustainableplatform.com/,sustainableplatform,https://www.linkedin.com/company/sustainableplatform/,5.0,firmable
Swimtastic,Sydney,Education,https://swimtastic.com.au/,swimtastic-swim-school,https://www.linkedin.com/company/swimtastic-swim-school/,3.0,serp
Swimz Guildford,Sydney,Education,https://swimz.com.au/,swimz-guildford,https://www.linkedin.com/company/swimz-guildford/,6.0,firmable
Swise,Auckland,IT - Software,https://swise.ai,swiseai,https://www.linkedin.com/company/swiseai/,6.0,serp
Swoop Analytics,Sydney,IT - Software,https://www.swoopanalytics.com/,swoop-analytics,https://www.linkedin.com/company/swoop-analytics/,19.0,firmable
Sybiz,Adelaide,IT - Software,https://sybiz.com/,sybiz-software,https://www.linkedin.com/company/sybiz-software/,33.0,firmable
Syndex,Auckland,Finance and insurance,https://www.syndex.com.au/about-us,syndex-australia,https://www.linkedin.com/company/syndex-australia/,3.0,firmable
Synengco,Brisbane,IT - Software,https://synengco.com/,synengco,https://www.linkedin.com/company/synengco/,20.0,firmable
Synergy Group,New Zealand,Wholesale trade,https://groupsynergy.com/,synergy-positioning-systems,https://www.linkedin.com/company/synergy-positioning-systems/,49.0,firmable
Sypaq Group,Melbourne,"Services - professional, scientific, and technical",https://www.sypaq.com.au/,sypaq-systems,https://www.linkedin.com/company/sypaq-systems/,,serp
TOKN,Perth,IT - Software,https://www.tokntechnology.com/,tokntechnology,https://www.linkedin.com/company/tokntechnology/,14.0,firmable
TUTISVreddo,Brisbane,IT - Software,https://tutis.com.au/,tutisdigital,https://www.linkedin.com/company/tutisdigital/,29.0,firmable
Tacklit,Melbourne,IT - Software,https://www.tacklit.com/,tacklit,https://www.linkedin.com/company/tacklit/,17.0,firmable
Tailored Support Services,Sunshine Coast,Healthcare,https://www.tailoredsupport.com.au/,tailored-support-services,https://www.linkedin.com/company/tailored-support-services/,15.0,firmable
Taskflo,Sydney,IT - Software,https://taskflo.com.au/,taskflo,https://www.linkedin.com/company/taskflo/,7.0,firmable
Taskforce,Melbourne,"Services - professional, scientific, and technical",https://www.taskforce.com.au/,taskforce-australia-pty-ltd,https://www.linkedin.com/company/taskforce-australia-pty-ltd/,,firmable
Tasman HealthCare,Gold Coast,Healthcare,https://tasmanhealthcare.com.au/,tasman-health-care,https://www.linkedin.com/company/tasman-health-care/,,firmable
Taxlab,Auckland,IT - Software,https://taxlab.online/,taxlab,https://www.linkedin.com/company/taxlab/,28.0,firmable
TechPath,Brisbane,"Services - professional, scientific, and technical",https://www.techpath.com.au/,techpathau,https://www.linkedin.com/company/techpathau/,50.0,firmable
Techt,Perth,"Services - professional, scientific, and technical",https://www.techt.com.au/,techt,https://www.linkedin.com/company/techt/,10.0,firmable
Telemattica,Sydney,IT - Software,https://www.telemattica.com/,telemattica,https://www.linkedin.com/company/telemattica/,29.0,firmable
Teltherm,Auckland,Wholesale trade,https://www.teltherm.co.nz/about/,teltherm-instruments-ltd,https://www.linkedin.com/company/teltherm-instruments-ltd/,110.0,serp
Termina,Melbourne,IT - Software,https://termina.io/,termina,https://www.linkedin.com/company/termina/,27.0,firmable
The CAPS Clinic / Capstone System,Canberra,Healthcare,https://www.capsclinic.com.au/,the-caps-clinic,https://www.linkedin.com/company/the-caps-clinic/,35.0,firmable
The Clinician,Auckland,IT - Software,https://theclinician.com/,the-clinician,https://www.linkedin.com/company/the-clinician/,,firmable
The Credit One Group,Brisbane,Finance and insurance,https://www.creditone.com.au/,credit-one-equipment-finance,https://www.linkedin.com/company/credit-one-equipment-finance/,25.0,firmable
The Fleet Office,Sunshine Coast,IT - Software,https://www.thefleetoffice.com.au/,the-fleet-office,https://www.linkedin.com/company/the-fleet-office/,12.0,firmable
The Green Dispensary,Adelaide,Wholesale trade,https://greendispensary.com.au/,green-dispensary-pharmacies-compounding,https://www.linkedin.com/company/green-dispensary-pharmacies-compounding/,31.0,serp
The Injury Centre,New South Wales,"Services - professional, scientific, and technical",https://theinjurycentre.com.au/,the-injury-centre,https://www.linkedin.com/company/the-injury-centre/,5.0,serp
The Orthodontic Place,Adelaide,Healthcare,https://theorthodonticplace.com.au/,the-orthodontic-place,https://www.linkedin.com/company/the-orthodontic-place/,,serp
The Swim Factory,Melbourne,Education,https://theswimfactory.com.au/,the-swim-factory,https://www.linkedin.com/company/the-swim-factory/,,firmable
Ticked Off,Sydney,IT - Software,https://www.tickedoff.app/,tickedoffapp,https://www.linkedin.com/company/tickedoffapp/,5.0,firmable
Tidy,New Zealand,IT - Software,https://www.tidyinternational.com/,tidyint,https://www.linkedin.com/company/tidyint/,24.0,firmable
TimberSmart,Auckland,IT - Software,https://www.timbersmart.co.nz/,timbersmart-nz,https://www.linkedin.com/company/timbersmart-nz/,8.0,serp
Timescapes,Auckland,IT - Software,https://www.timescapes.co/about-us,timescapes,https://www.linkedin.com/company/timescapes/,27.0,firmable
Tobin Brothers,Melbourne,Services - other,https://tobinbrothers.com.au/,tobin-brothers-funerals,https://www.linkedin.com/company/tobin-brothers-funerals/,,firmable
Toby Haenen Swim Centre,Melbourne,Education,https://www.thsc.com.au/,toby-haenen-swim-centre,https://www.linkedin.com/company/toby-haenen-swim-centre/,6.0,firmable
Tomlin Medical,Melbourne,Healthcare,https://www.tomlinmedical.com.au/?srsltid=AfmBOoqs4mTvljDVpEK_CFv85iURpkjeaYbeqqKu-YnH-Sotk3wff2Mi,tomlinmedical,https://www.linkedin.com/company/tomlinmedical/,5.0,firmable
Toomac Ophthalmic,Auckland,Healthcare,https://toomac.co.nz/,toomac-holdings-limited,https://www.linkedin.com/company/toomac-holdings-limited/,12.0,serp
Toowong Orthodontics,Brisbane,Healthcare,https://toowongorthodontics.com.au/,toowong-orthodontics,https://www.linkedin.com/company/toowong-orthodontics/,,serp
Total Ag Control / RDS Systems,New Zealand,Wholesale trade,https://www.totalagcontrol.co.nz/rds-systems,total-ag-limited,https://www.linkedin.com/company/total-ag-limited/,7.0,serp
Total Electrical Control Solutions,New South Wales,Manufacturing,https://www.tec-solutions.com.au/,total-electrical-control-solutions,https://www.linkedin.com/company/total-electrical-control-solutions/,30.0,firmable
Totalcare,Brisbane,IT - Software,https://totalcareservices.com.au/,totalcare-services,https://www.linkedin.com/company/totalcare-services/,8.0,firmable
Tower Systems,Melbourne,IT - Software,https://www.towersystems.com.au/,tower-systems_2,https://www.linkedin.com/company/tower-systems_2/,30.0,serp
Trade Trak,Melbourne,IT - Software,https://www.trak.co/,trakhq,https://www.linkedin.com/company/trakhq/,14.0,firmable
Traffio,Melbourne,IT - Software,https://www.traffio.com.au/company,traffiosoftware,https://www.linkedin.com/company/traffiosoftware/,13.0,firmable
Traild,Perth,IT - Software,https://perthtrailseries.com.au/,perth-trail-series,https://www.linkedin.com/company/perth-trail-series/,19.0,firmable
Transcale,Queensland,Manufacturing,https://transcale.com/,transcale-pty-ltd,https://www.linkedin.com/company/transcale-pty-ltd/,65.0,firmable
Transformd,Sydney,"Services - professional, scientific, and technical",https://www.transformd.com.au/,transformd-au,https://www.linkedin.com/company/transformd-au/,15.0,serp
TrialDocs,Melbourne,IT - Software,https://trialdocs.io/,trialdocs-international-pty-ltd,https://www.linkedin.com/company/trialdocs-international-pty-ltd/,,firmable
Tribal Habits,Brisbane,IT - Software,https://tribalhabits.com/,tribal-habits,https://www.linkedin.com/company/tribal-habits/,7.0,firmable
Tribetech,Sydney,"Services - professional, scientific, and technical",https://www.tribetech.com.au/,tribetechnology,https://www.linkedin.com/company/tribetechnology/,8.0,firmable
Troy Laboratories,Sydney,Manufacturing,https://troylab.com.au/,troy-lab,https://www.linkedin.com/company/troy-lab/,61.0,firmable
True Protein,Sydney,Manufacturing,https://www.trueprotein.com.au/?srsltid=AfmBOor4KrV3aXd0mMhraqsfak656hXLv77h00P3qP3MNa4vaNxZzBAm,true-protein,https://www.linkedin.com/company/true-protein/,,firmable
TrueERP,Gold Coast,IT - Software,https://www.trueerp.com.au/,trueerp,https://www.linkedin.com/company/trueerp/,0.0,firmable
UPowr,Sydney,"Services - professional, scientific, and technical",https://www.upowr.com/,upowr,https://www.linkedin.com/company/upowr/,40.0,firmable
UniPhi,Sydney,IT - Software,https://uniphi-software.com/,uniphi,https://www.linkedin.com/company/uniphi/,,firmable
Unifii,Sydney,IT - Software,https://www.unifii.com.au/,unifii-pty-ltd,https://www.linkedin.com/company/unifii-pty-ltd/,11.0,firmable
Union Lane Group / Entegy,Brisbane,IT - Software,https://www.unionlane.com.au/,union-lane,https://www.linkedin.com/company/union-lane/,25.0,firmable
United for Care,Sydney,Healthcare,https://www.unitedforcare.com.au/,united-for-care,https://www.linkedin.com/company/united-for-care/,200.0,firmable
Universal Energy Australia,Perth,"Services - professional, scientific, and technical",https://universalenergy.com.au/,universal-energy-australia-pty-ltd,https://www.linkedin.com/company/universal-energy-australia-pty-ltd/,32.0,firmable
Universal Site Monitoring,Northern Territory,IT - Software,https://publishednotices.asic.gov.au/browsesearch-notices/notice-details/USM-Pty-Ltd-166162296/ef0156cb-4e12-409d-a333-9af8a721efa2,universal-site-monitoring,https://www.linkedin.com/company/universal-site-monitoring/,10.0,serp
Urban Climb,Melbourne,"Arts, entertainment and recreation",https://urbanclimb.com.au/,urban-climb,https://www.linkedin.com/company/urban-climb/,,firmable
V3 Leisure,Perth,IT - Software,https://www.v3leisure.com/,v3-leisure-management-and-marketing,https://www.linkedin.com/company/v3-leisure-management-and-marketing/,28.0,firmable
Vapar,Sydney,IT - Software,https://www.vapar.co/about-us/,vapar,https://www.linkedin.com/company/vapar/,14.0,firmable
Vastum Engineering,Sydney,"Services - professional, scientific, and technical",https://vastum.com.au/,vastum-engineering,https://www.linkedin.com/company/vastum-engineering/,0.0,firmable
Vayeron,Queensland,Manufacturing,https://vayeron.com/,vayeron,https://www.linkedin.com/company/vayeron/,7.0,firmable
Vekta Automation,Perth,"Services - professional, scientific, and technical",https://vekta.com.au/,vekta-automation,https://www.linkedin.com/company/vekta-automation/,55.0,firmable
Verbotics,Sydney,IT - Software,https://verbotics.com/,verbotics,https://www.linkedin.com/company/verbotics/,6.0,firmable
Verified,Melbourne,IT - Software,https://verified.com.au/,verified-pty-ltd,https://www.linkedin.com/company/verified-pty-ltd/,50.0,firmable
Vero Voting,Perth,IT - Software,https://www.verovoting.com.au/,verovoting,https://www.linkedin.com/company/verovoting/,0.0,firmable
VeroGuard Systems,Melbourne,IT - Software,https://www.veroguard.com.au/,verosystems,https://www.linkedin.com/company/verosystems/,74.0,firmable
Vertel,Sydney,Telecommunications,https://vertel.com.au/,vertel,https://www.linkedin.com/company/vertel/,100.0,firmable
Vertimax Australia,Melbourne,"Services - professional, scientific, and technical",https://vertimax.com.au/,vertimax-australia,https://www.linkedin.com/company/vertimax-australia/,65.0,firmable
Viddle,Perth,IT - Software,https://www.viddle.com.au/sectors,viddle-au,https://www.linkedin.com/company/viddle-au/,5.0,firmable
Village Energy,Perth,IT - Software,https://village.energy/?srsltid=AfmBOoqhFEm_PWDPpffPXelCzDa2SbltU1uO-cgziw1yVADE2Tej6S8W,village-energy-aus,https://www.linkedin.com/company/village-energy-aus/,80.0,firmable
Viotel,Auckland,IT - Software,https://www.viotel.co/,viotel,https://www.linkedin.com/company/viotel/,6.0,firmable
Virtual Medical Coaching,New Zealand,Education,https://www.virtualmedicalcoaching.com/en/,virtual-medical-coaching-ltd,https://www.linkedin.com/company/virtual-medical-coaching-ltd/,11.0,serp
Virtually There,Sydney,Education,https://virtuallytherevr.com/,virtually-there-training,https://www.linkedin.com/company/virtually-there-training/,4.0,firmable
Virtuosum Orthodontics,Melbourne,Healthcare,https://virtuosum.com.au/,virtuosum-orthodontics,https://www.linkedin.com/company/virtuosum-orthodontics/,,firmable
Visibuild,Melbourne,IT - Software,https://visibuild.com/,visibuild-pty-ltd,https://www.linkedin.com/company/visibuild-pty-ltd/,18.0,firmable
Visium Networks,Melbourne,IT - Software,https://www.visiumnetworks.com/,visium-networks,https://www.linkedin.com/company/visium-networks/,25.0,firmable
Vista Power Technologies,Melbourne,Wholesale trade,https://vpt.com.au/,vista-power-technologies,https://www.linkedin.com/company/vista-power-technologies/,3.0,firmable
Vitalcare,Sydney,Manufacturing,https://www.vitalcare.com.au/,vitalcare-pty-ltd,https://www.linkedin.com/company/vitalcare-pty-ltd/,60.0,firmable
Vityl,Sydney,IT - Software,https://vityl.com/,vityl-care,https://www.linkedin.com/company/vityl-care/,25.0,firmable
Voltin,Brisbane,IT - Software,https://voltin.com.au/,voltin,https://www.linkedin.com/company/voltin/,21.0,firmable
WDT Engineers,Brisbane,Manufacturing,https://wdtengineers.com.au/,wdtengineers,https://www.linkedin.com/company/wdtengineers/,26.0,firmable
WHS Systems,Sydney,IT - Software,https://www.whssystems.com.au/,whssystems,https://www.linkedin.com/company/whssystems/,15.0,firmable
Wageloch,Adelaide,IT - Software,https://wageloch.com.au/,wageloch,https://www.linkedin.com/company/wageloch/,29.0,firmable
Watercom,New South Wales,IT - Software,https://watercom.com.au/,watercomdrains,https://www.linkedin.com/company/watercomdrains/,8.0,firmable
WeGuide,Melbourne,IT - Software,https://www.weguide.health/,weguidehealth,https://www.linkedin.com/company/weguidehealth/,14.0,firmable
Webstercare,Sydney,IT - Software,https://www.webstercare.com.au/,webstercare,https://www.linkedin.com/company/webstercare/,68.0,firmable
WiSE Medical,Sydne,Healthcare,https://www.wisemedical.com.au/,wisespecialistemergency,https://www.linkedin.com/company/wisespecialistemergency/,,firmable
Wilhelm,Sydney,Healthcare,https://wilhelm.com.au/,wilhelm-integrated-solutions-pty-ltd,https://www.linkedin.com/company/wilhelm-integrated-solutions-pty-ltd/,30.0,firmable
Williams Logistics,Sydney,"Services - professional, scientific, and technical",https://www.williamslogistics.com.au/,williams-warehousing-&-logistics-services,https://www.linkedin.com/company/williams-warehousing-&-logistics-services/,100.0,firmable
Wincollect,Brisbane,IT - Software,https://wincollect.com/,wincollect,https://www.linkedin.com/company/wincollect/,2.0,firmable
WorkBuddy,Sydney,IT - Software,https://workbuddy.com/,workbuddyapp,https://www.linkedin.com/company/workbuddyapp/,4.0,firmable
WorkSafe Connect,Brisbane,Education,https://www.worksafeconnect.com/,worksafe-connect,https://www.linkedin.com/company/worksafe-connect/,40.0,firmable
Worx Safety,New South Wales,IT - Software,https://www.worxsafety.com.au/,worxsafety,https://www.linkedin.com/company/worxsafety/,,firmable
Wunderbuild,Melbourne,IT - Software,https://www.wunderbuild.com/,wunderbuildglobal,https://www.linkedin.com/company/wunderbuildglobal/,13.0,firmable
XY Logistics,Auckland,IT - Software,https://www.xylogistics.io/,xylogistics,https://www.linkedin.com/company/xylogistics/,4.0,serp
Xylo Systems,Sydney,IT - Software,https://www.xylo.systems/,xylo-systems,https://www.linkedin.com/company/xylo-systems/,,firmable
YOUx,Sydney,IT - Software,https://www.youxpowered.com.au/,youxpowered,https://www.linkedin.com/company/youxpowered/,29.0,firmable
Yaktrak,Melbourne,IT - Software,https://www.yaktrak.com.au/,yaktrak,https://www.linkedin.com/company/yaktrak/,11.0,firmable
Yarno,Sydney,IT - Software,https://www.yarno.com.au/,yarno,https://www.linkedin.com/company/yarno/,0.0,firmable
Yarris Technologies,Melbourne,IT - Software,https://www.yarris.com/,yarris,https://www.linkedin.com/company/yarris/,45.0,firmable
Zap,Melbourne,IT - Software,https://www.zapfitness.com.au/,zapfitness,https://www.linkedin.com/company/zapfitness/,102.0,firmable
Zenith Tecnica,Auckland,IT - Software,https://zenithtecnica.com/,zenith-tecnica,https://www.linkedin.com/company/zenith-tecnica/,12.0,serp
Zepto,New South Wales,Finance and insurance,https://zepto.com.au/,zepto-payments,https://www.linkedin.com/company/zepto-payments/,60.0,firmable
Zip Diagnostics,Melbourne,Manufacturing,https://www.zipdiag.com/,zipdiagnostics,https://www.linkedin.com/company/zipdiagnostics/,,firmable
Zzoota,Brisbane,IT - Software,https://zzoota.com/,zzoota,https://www.linkedin.com/company/zzoota/,23.0,firmable
akunah,Brisbane,IT - Software,https://akunah.com/,akunahau,https://www.linkedin.com/company/akunahau/,15.0,firmable
asBuilt,Auckland,"Services - professional, scientific, and technical",https://www.asbuiltdigital.com/,asbuilt,https://www.linkedin.com/company/asbuilt/,66.0,firmable
de.iterate,Brisbane,IT - Software,https://deiterate.com/about-us-grc-compliance-platfrom,deiterate,https://www.linkedin.com/company/deiterate/,13.0,firmable
ditno,Sydney,IT - Software,https://ditno.com/,ditno,https://www.linkedin.com/company/ditno/,6.0,firmable
ebrokertech,Gold Coast,IT - Software,https://www.ebrokertech.com.au/,ebrokerau,https://www.linkedin.com/company/ebrokerau/,19.0,serp
enLighten Australia / enLink,Sydney,IT - Software,https://www.enlighten.com.au/,enlighten-australia,https://www.linkedin.com/company/enlighten-australia/,15.0,firmable
energyOS,Perth,IT - Software,https://www.energyos.com.au/,energyossolutions,https://www.linkedin.com/company/energyossolutions/,4.0,firmable
i-scribe,Melbourne,IT - Software,https://i-scribe.com.au/,i-scribe-australia,https://www.linkedin.com/company/i-scribe-australia/,32.0,firmable
i4T Global,Melbourne,IT - Software,https://i4tglobal.com/,i4t-global,https://www.linkedin.com/company/i4t-global/,25.0,serp
iCan Solutions / iDentalLab,Sydney,IT - Software,https://www.i-can.com.au/,ican-solutions,https://www.linkedin.com/company/ican-solutions/,0.0,firmable
iMonitor,Auckland,IT - Software,https://www.imonitor.net/about-us,imonitor-ltd,https://www.linkedin.com/company/imonitor-ltd/,8.0,firmable
iOmniscient,Sydney,IT - Software,https://iomni.ai/,iomniscient-pty-ltd,https://www.linkedin.com/company/iomniscient-pty-ltd/,,firmable
iProperty / iDashboard,Melbourne,IT - Software,https://www.idashboard.com.au/,iproperty-pty-ltd,https://www.linkedin.com/company/iproperty-pty-ltd/,15.0,serp
iTrazo,Melbourne,IT - Software,https://itrazotracetech.com/,itrazotracetech,https://www.linkedin.com/company/itrazotracetech/,4.0,firmable
inavitas,Brisbane,IT - Software,https://www.inavitas.com/,inavitascom,https://www.linkedin.com/company/inavitascom/,98.0,firmable
meetpat,New South Wales,Manufacturing,https://meetpat.com/about/,meet-pat,https://www.linkedin.com/company/meet-pat/,18.0,firmable
membes,Melbourne,IT - Software,https://membes.com/about,membes,https://www.linkedin.com/company/membes/,1.0,firmable
n3 Group / n3 Hub,Auckland,IT - Software,https://n3hub.com/,n3-hub,https://www.linkedin.com/company/n3-hub/,30.0,firmable
oDocs Eye Care,New Zealand,Healthcare,https://www.odocs-tech.com/,odocs-eye-care,https://www.linkedin.com/company/odocs-eye-care/,9.0,firmable
revolutioniseSPORT,Sydney,IT - Software,https://revolutionise.com.au/,revolutionisesport,https://www.linkedin.com/company/revolutionisesport/,40.0,firmable
truuth,Sydney,IT - Software,https://www.truuth.id/,truuth,https://www.linkedin.com/company/truuth/,21.0,firmable
uBind,Melbourne,IT - Software,https://ubind.insure/,ubind-global,https://www.linkedin.com/company/ubind-global/,16.0,serp
x-RD,Canberra,"Services - professional, scientific, and technical",https://www.x-rd.com.au/,x-rd,https://www.linkedin.com/company/x-rd/,27.0,firmable
